{"pos":[-500.115601,336.671478,-24.0881023],"rotationMatrix":[0.0265589282,-0.99964726,0,0.99964726,0.0265589282,0,0,0,1],"scale":1.08829594,"type":"cork_oak_bush_large"}
{"pos":[-615.502319,116.822014,-8.56159306],"rotationMatrix":[0.882650793,-0.470029294,0,0.470029294,0.882650793,0,0,0,1],"scale":1.1400125,"type":"cork_oak_bush_large"}
{"pos":[-597.348816,27.7700939,-12.8518724],"rotationMatrix":[0.999721706,0.0235910621,0,-0.0235910621,0.999721706,0,0,0,1],"scale":0.942066193,"type":"cork_oak_bush_large"}
{"pos":[-665.44397,-911.687744,-8.34460163],"rotationMatrix":[-0.689325154,-0.724452078,0,0.724452078,-0.689325154,0,0,0,1],"scale":0.953854263,"type":"cork_oak_bush_large"}
{"pos":[-774.074768,-708.34845,-18.6322117],"rotationMatrix":[-0.618061543,-0.786129713,0,0.786129713,-0.618061543,0,0,0,1],"scale":0.942483664,"type":"cork_oak_bush_large"}
{"pos":[-776.498169,-738.639404,-19.6286716],"rotationMatrix":[0.90439111,0.426704556,0,-0.426704556,0.90439111,0,0,0,1],"scale":1.18236709,"type":"cork_oak_bush_large"}
{"pos":[-772.746521,-784.824646,-16.802021],"rotationMatrix":[0.309701383,0.950833857,0,-0.950833857,0.309701383,0,0,0,1],"scale":1.15289247,"type":"cork_oak_bush_large"}
{"pos":[-772.149658,-807.078918,-16.4479961],"rotationMatrix":[0.354240596,-0.935154319,0,0.935154319,0.354240596,0,0,0,1],"scale":1.15197778,"type":"cork_oak_bush_large"}
{"pos":[-774.995178,-786.87915,-18.014389],"rotationMatrix":[-0.0234207399,-0.999725699,0,0.999725699,-0.0234207399,0,0,0,1],"scale":1.10042429,"type":"cork_oak_bush_large"}
{"pos":[-789.150146,-741.997559,-23.7975674],"rotationMatrix":[-0.748076499,0.663612485,0,-0.663612485,-0.748076499,0,0,0,1],"scale":1.17195082,"type":"cork_oak_bush_large"}
{"pos":[-787.148621,-757.75415,-24.8139877],"rotationMatrix":[0.923336267,0.383992314,0,-0.383992314,0.923336267,0,0,0,1],"scale":1.0725677,"type":"cork_oak_bush_large"}
{"pos":[-753.84967,-834.038574,-10.0273485],"rotationMatrix":[0.500955164,-0.86547327,0,0.86547327,0.500955164,0,0,0,1],"scale":1.00170994,"type":"cork_oak_bush_large"}
{"pos":[-774.514954,-842.480713,-14.1854134],"rotationMatrix":[0.408519119,-0.912749767,0,0.912749767,0.408519119,0,0,0,1],"scale":0.979213059,"type":"cork_oak_bush_large"}
{"pos":[-771.607056,-836.310547,-14.5399599],"rotationMatrix":[-0.373377293,-0.927679598,0,0.927679598,-0.373377293,0,0,0,1],"scale":1.08506203,"type":"cork_oak_bush_large"}
{"pos":[-752.270691,-849.042114,-10.1238613],"rotationMatrix":[0.0307514612,-0.999527037,0,0.999527037,0.0307514612,0,0,0,1],"scale":1.19005847,"type":"cork_oak_bush_large"}
{"pos":[-758.32959,-846.984558,-11.526494],"rotationMatrix":[0.503619611,0.863925517,0,-0.863925517,0.503619611,0,0,0,1],"scale":0.918522179,"type":"cork_oak_bush_large"}
{"pos":[-750.677429,-843.749756,-9.34120369],"rotationMatrix":[-0.058504045,0.998287201,0,-0.998287201,-0.058504045,0,0,0,1],"scale":1.00749886,"type":"cork_oak_bush_large"}
{"pos":[-723.519348,-907.645752,-10.5412445],"rotationMatrix":[-0.124253161,0.992250562,0,-0.992250562,-0.124253161,0,0,0,1],"scale":1.05329156,"type":"cork_oak_bush_large"}
{"pos":[-722.88501,-914.992188,-10.490097],"rotationMatrix":[-0.984173,0.177210361,0,-0.177210361,-0.984173,0,0,0,1],"scale":1.01660132,"type":"cork_oak_bush_large"}
{"pos":[-677.257141,-925.474426,-8.91583061],"rotationMatrix":[0.252909511,-0.967489958,0,0.967489958,0.252909511,0,0,0,1],"scale":1.04496574,"type":"cork_oak_bush_large"}
{"pos":[-660.082764,-926.898987,-8.44882774],"rotationMatrix":[0.927799046,-0.373080343,0,0.373080343,0.927799046,0,0,0,1],"scale":0.928592324,"type":"cork_oak_bush_large"}
{"pos":[-639.587646,-948.532654,-19.1280193],"rotationMatrix":[0.997134984,-0.0756426305,0,0.0756426305,0.997134984,0,0,0,1],"scale":1.12934661,"type":"cork_oak_bush_large"}
{"pos":[-552.756775,-921.062012,-22.4612236],"rotationMatrix":[-0.148475662,-0.988916039,0,0.988916039,-0.148475662,0,0,0,1],"scale":0.94750452,"type":"cork_oak_bush_large"}
{"pos":[-699.907288,-203.788742,-15.2254744],"rotationMatrix":[-0.998633087,0.0522686057,0,-0.0522686057,-0.998633087,0,0,0,1],"scale":1.17387044,"type":"cork_oak_bush_large"}
{"pos":[897.255615,-97.025322,-10.5584145],"rotationMatrix":[-0.746292293,0.665618122,0,-0.665618122,-0.746292293,0,0,0,0.999999881],"scale":1.03771687,"type":"cork_oak_bush_large"}
{"pos":[931.386902,-117.969139,-9.3150425],"rotationMatrix":[-0.812502503,0.582957566,0,-0.582957566,-0.812502503,0,0,0,0.999999881],"scale":0.936957419,"type":"cork_oak_bush_large"}
{"pos":[269.434814,-889.033264,-17.769907],"rotationMatrix":[0.727371097,0.686244369,0,-0.686244369,0.727371097,0,0,0,0.999999881],"scale":0.580798388,"type":"cork_oak_bush_large"}
{"pos":[269.070221,-886.120056,-17.769907],"rotationMatrix":[0.863449514,-0.504435182,0,0.504435182,0.863449514,0,0,0,0.999999762],"scale":0.580798388,"type":"cork_oak_bush_large"}
{"pos":[268.141693,-882.837708,-17.769907],"rotationMatrix":[0.15414837,0.9880476,0,-0.9880476,0.15414837,0,0,0,0.999999642],"scale":0.580798388,"type":"cork_oak_bush_large"}
