{"pos":[92.3526917,-901.941956,-17.5455341],"rotationMatrix":[0.993658066,0.112441421,0,-0.112441421,0.993658066,0,0,0,0.999999523],"scale":0.99000001,"type":"cypress_tree"}
{"pos":[86.4712982,-888.733337,-17.5455322],"rotationMatrix":[0.11022076,-0.993906736,0,0.993906736,0.11022076,0,0,0,0.999999404],"scale":1,"type":"cypress_tree"}
{"pos":[92.4309921,-904.384583,-17.5455341],"rotationMatrix":[0.11022076,-0.993906736,0,0.993906736,0.11022076,0,0,0,0.999999404],"scale":1.00999999,"type":"cypress_tree"}
{"pos":[93.1072235,-910.459717,-17.5455341],"rotationMatrix":[0.11022076,-0.993906736,0,0.993906736,0.11022076,0,0,0,0.999999404],"scale":1,"type":"cypress_tree"}
{"pos":[92.7715073,-907.432373,-17.5455341],"rotationMatrix":[0.11022076,-0.993906736,0,0.993906736,0.11022076,0,0,0,0.999999404],"scale":0.99000001,"type":"cypress_tree"}
{"pos":[93.769516,-916.500122,-17.5455341],"rotationMatrix":[0.11022076,-0.993906736,0,0.993906736,0.11022076,0,0,0,0.999999404],"scale":1,"type":"cypress_tree"}
{"pos":[93.4337997,-913.472778,-17.5455341],"rotationMatrix":[0.11022076,-0.993906736,0,0.993906736,0.11022076,0,0,0,0.999999404],"scale":1,"type":"cypress_tree"}
{"pos":[94.4774246,-922.541992,-17.5455341],"rotationMatrix":[0.11022076,-0.993906736,0,0.993906736,0.11022076,0,0,0,0.999999404],"scale":1,"type":"cypress_tree"}
{"pos":[94.1417084,-919.514648,-17.5455341],"rotationMatrix":[0.11022076,-0.993906736,0,0.993906736,0.11022076,0,0,0,0.999999404],"scale":1,"type":"cypress_tree"}
{"pos":[94.840065,-925.484802,-17.5455341],"rotationMatrix":[0.11022076,-0.993906736,0,0.993906736,0.11022076,0,0,0,0.999999404],"scale":1,"type":"cypress_tree"}
{"pos":[153.75563,-893.219543,-17.5425777],"rotationMatrix":[0.0515133142,0.998672009,0,-0.998672009,0.0515133142,0,0,0,0.999999523],"scale":1.19741666,"type":"cypress_tree"}
{"pos":[151.378036,-893.692688,-17.5425777],"rotationMatrix":[0.967473447,-0.252971143,0,0.252971143,0.967473447,0,0,0,0.999999404],"scale":1.19741666,"type":"cypress_tree"}
{"pos":[148.986694,-893.982178,-17.5425777],"rotationMatrix":[-0.0969220698,-0.99529171,0,0.99529171,-0.0969220698,0,0,0,0.999999523],"scale":1.19741666,"type":"cypress_tree"}
{"pos":[141.835861,-895.185303,-17.5425777],"rotationMatrix":[0.987454772,0.157900766,0,-0.157900766,0.987454772,0,0,0,0.999999642],"scale":1.19741666,"type":"cypress_tree"}
{"pos":[144.227203,-894.954224,-17.5425777],"rotationMatrix":[0.872747958,-0.488170087,0,0.488170087,0.872747958,0,0,0,0.999999404],"scale":1.19741666,"type":"cypress_tree"}
{"pos":[146.604797,-894.732666,-17.5425777],"rotationMatrix":[0.690071642,-0.723740578,0,0.723740578,0.690071642,0,0,0,0.999999523],"scale":1.19741666,"type":"cypress_tree"}
{"pos":[137.059143,-895.957581,-17.5425777],"rotationMatrix":[0.792112887,0.610374093,0,-0.610374093,0.792112887,0,0,0,0.999999523],"scale":1.19741666,"type":"cypress_tree"}
{"pos":[139.450485,-895.73999,-17.5425777],"rotationMatrix":[0.825603008,-0.564250827,0,0.564250827,0.825603008,0,0,0,0.999999523],"scale":1.19741666,"type":"cypress_tree"}
{"pos":[84.8032227,-888.857239,-17.5455322],"rotationMatrix":[-0.598371863,-0.801217794,0,0.801217794,-0.598371863,0,0,0,0.999999285],"scale":1,"type":"cypress_tree"}
{"pos":[81.1586151,-888.967285,-17.5455322],"rotationMatrix":[-0.391720831,-0.920083642,0,0.920083642,-0.391720831,0,0,0,0.999999285],"scale":1,"type":"cypress_tree"}
{"pos":[79.3429565,-889.127991,-17.5455322],"rotationMatrix":[0.11022076,-0.993906736,0,0.993906736,0.11022076,0,0,0,0.999999404],"scale":1,"type":"cypress_tree"}
{"pos":[9.00554752,-972.134827,-17.5455322],"rotationMatrix":[0.11022076,-0.993906736,0,0.993906736,0.11022076,0,0,0,0.999999404],"scale":1,"type":"cypress_tree"}
{"pos":[12.1137266,-972.263489,-17.5455322],"rotationMatrix":[0.11022076,-0.993906736,0,0.993906736,0.11022076,0,0,0,0.999999404],"scale":1,"type":"cypress_tree"}
{"pos":[15.3985481,-972.433105,-17.5455322],"rotationMatrix":[0.11022076,-0.993906736,0,0.993906736,0.11022076,0,0,0,0.999999404],"scale":1,"type":"cypress_tree"}
{"pos":[19.2698231,-972.433044,-17.5455322],"rotationMatrix":[0.11022076,-0.993906736,0,0.993906736,0.11022076,0,0,0,0.999999404],"scale":1,"type":"cypress_tree"}
{"pos":[23.0917034,-972.554565,-17.5455322],"rotationMatrix":[0.11022076,-0.993906736,0,0.993906736,0.11022076,0,0,0,0.999999404],"scale":1,"type":"cypress_tree"}
{"pos":[26.1603355,-972.590698,-17.5455322],"rotationMatrix":[0.11022076,-0.993906736,0,0.993906736,0.11022076,0,0,0,0.999999404],"scale":1,"type":"cypress_tree"}
{"pos":[82.9788895,-889.020508,-17.5455322],"rotationMatrix":[0.11022076,-0.993906736,0,0.993906736,0.11022076,0,0,0,0.999999404],"scale":1,"type":"cypress_tree"}
{"pos":[88.4902649,-888.62323,-17.5455322],"rotationMatrix":[0.822270334,-0.569096148,0,0.569096148,0.822270334,0,0,0,0.999999285],"scale":1,"type":"cypress_tree"}
{"pos":[248.75174,-1000.17578,-18.6902866],"rotationMatrix":[0.997431397,0.0716237947,0,-0.0716237947,0.997431397,0,0,0,0.999999523],"scale":1.19741666,"type":"cypress_tree"}
{"pos":[246.350128,-1000.34827,-18.6902866],"rotationMatrix":[-0.256378084,0.966576219,0,-0.966576219,-0.256378084,0,0,0,0.999999404],"scale":1.19741666,"type":"cypress_tree"}
{"pos":[244.273483,-1000.12494,-18.6902885],"rotationMatrix":[-0.175294131,-0.984515667,0,0.984515667,-0.175294131,0,0,0,0.999999285],"scale":1.19741666,"type":"cypress_tree"}
{"pos":[241.871872,-1000.29742,-18.6902885],"rotationMatrix":[0.575570405,-0.817751765,0,0.817751765,0.575570405,0,0,0,0.999999404],"scale":1.19741666,"type":"cypress_tree"}
{"pos":[239.069321,-1000.2309,-18.6902885],"rotationMatrix":[0.997431397,0.0716237947,0,-0.0716237947,0.997431397,0,0,0,0.999999523],"scale":1.19741666,"type":"cypress_tree"}
{"pos":[437.671875,-925.121033,-19.8655033],"rotationMatrix":[0.0651613846,-0.9978742,0,0.9978742,0.0651613846,0,0,0,0.999999285],"scale":1.19741666,"type":"cypress_tree"}
{"pos":[437.514954,-922.718384,-19.8655033],"rotationMatrix":[0.96821636,0.250111639,0,-0.250111639,0.96821636,0,0,0,0.999999166],"scale":1.19741666,"type":"cypress_tree"}
{"pos":[437.75174,-920.437988,-19.8655052],"rotationMatrix":[-0.983359277,0.181667626,0,-0.181667626,-0.983359277,0,0,0,0.999999046],"scale":1.19741666,"type":"cypress_tree"}
{"pos":[437.594818,-918.24054,-19.8655052],"rotationMatrix":[-0.821462631,-0.570261121,0,0.570261121,-0.821462631,0,0,0,0.999999166],"scale":1.19741666,"type":"cypress_tree"}
{"pos":[437.679474,-915.438477,-19.8655052],"rotationMatrix":[0.0651613846,-0.9978742,0,0.9978742,0.0651613846,0,0,0,0.999999285],"scale":1.19741666,"type":"cypress_tree"}
{"pos":[437.679474,-902.716736,-19.8655052],"rotationMatrix":[0.0651613846,-0.9978742,0,0.9978742,0.0651613846,0,0,0,0.999999285],"scale":1.19741666,"type":"cypress_tree"}
{"pos":[437.594818,-905.518799,-19.8655052],"rotationMatrix":[-0.821462631,-0.570261121,0,0.570261121,-0.821462631,0,0,0,0.999999166],"scale":1.19741666,"type":"cypress_tree"}
{"pos":[437.75174,-907.716248,-19.8655052],"rotationMatrix":[-0.983359277,0.181667626,0,-0.181667626,-0.983359277,0,0,0,0.999999046],"scale":1.19741666,"type":"cypress_tree"}
{"pos":[437.514954,-909.996643,-19.8655033],"rotationMatrix":[0.96821636,0.250111639,0,-0.250111639,0.96821636,0,0,0,0.999999166],"scale":1.19741666,"type":"cypress_tree"}
{"pos":[437.671875,-912.399292,-19.8655033],"rotationMatrix":[0.0651613846,-0.9978742,0,0.9978742,0.0651613846,0,0,0,0.999999285],"scale":1.19741666,"type":"cypress_tree"}
{"pos":[172.025269,-830.354614,-17.5855694],"rotationMatrix":[0.987454772,0.157900766,0,-0.157900766,0.987454772,0,0,0,0.999999642],"scale":1,"type":"cypress_tree"}
{"pos":[172.025269,-828.302612,-17.5855694],"rotationMatrix":[0.8612746,-0.508139312,0,0.508139312,0.8612746,0,0,0,0.999999523],"scale":1,"type":"cypress_tree"}
{"pos":[172.025269,-826.444031,-17.5855694],"rotationMatrix":[-0.114660829,-0.993404388,0,0.993404388,-0.114660829,0,0,0,0.999999404],"scale":1,"type":"cypress_tree"}
{"pos":[172.025269,-820.417358,-17.5855694],