{"pos":[713.10376,-588.197937,-17.6111584],"rotationMatrix":[0.326856136,0.945074141,0,-0.945074141,0.326856136,0,0,0,0.999999881],"scale":1.52037239,"type":"debris_b_a"}
