{"pos":[246.12738,-839.012695,-17.4765072],"rotationMatrix":[-0.700801671,-0.713356197,0,0.713356197,-0.700801671,0,0,0,1],"scale":1,"type":"debris_m_can_b"}
{"pos":[244.218567,-839.468018,-17.4645958],"rotationMatrix":[-0.900873125,0.434082448,0,-0.434082448,-0.900873125,0,0,0,1],"scale":1,"type":"debris_m_can_b"}
