{"pos":[-662.412842,-256.178772,-14.6579895],"rotationMatrix":[0.997273684,0.073789835,0,-0.073789835,0.997273684,0,0,0,0.999999762],"scale":1,"type":"debris_a_b"}
