{"pos":[276.624786,-772.740662,-17.5418167],"rotationMatrix":[0.979524016,0.201327354,0,-0.201327354,0.979524016,0,0,0,1],"scale":1,"type":"debris_b_col_big"}
{"pos":[278.908325,-773.730347,-17.5418167],"rotationMatrix":[-0.217992544,0.97595042,0,-0.97595042,-0.217992544,0,0,0,1],"scale":1,"type":"debris_b_col_big"}
{"pos":[228.409302,-821.367249,-21.3020897],"rotationMatrix":[-0.733179092,0.680035591,0,-0.680035591,-0.733179092,0,0,0,1],"scale":1,"type":"debris_b_col_big"}
{"pos":[227.353088,-824.037598,-21.2656593],"rotationMatrix":[-0.412087649,0.911144197,0,-0.911144197,-0.412087649,0,0,0,1],"scale":1,"type":"debris_b_col_big"}
