{"pos":[247.637466,-812.698242,-21.474493],"rotationMatrix":[-0.0241380017,0.999708652,0,-0.999708652,-0.0241380017,0,0,0,1],"scale":1,"type":"debris_a_d"}
{"pos":[248.379578,-813.807922,-21.9812737],"rotationMatrix":[0.135852009,0.990729153,0,-0.990729153,0.135852009,0,0,0,1],"scale":1,"type":"debris_a_d"}
{"pos":[239.485229,-814.702087,-20.0426483],"rotationMatrix":[-0.470008075,-0.882662117,0,0.882662117,-0.470008075,0,0,0,1],"scale":1,"type":"debris_a_d"}
{"pos":[-662.583923,-251.749756,-14.9508953],"rotationMatrix":[0.980819285,-0.194918022,0,0.194918022,0.980819285,0,0,0,0.999999642],"scale":2.52263188,"type":"debris_a_d"}
{"pos":[-663.502197,-267.61084,-14.9508953],"rotationMatrix":[0.641385555,0.767217994,0,-0.767217994,0.641385555,0,0,0,0.999999404],"scale":2.52263188,"type":"debris_a_d"}
{"pos":[-662.509888,-252.035233,-14.9508953],"rotationMatrix":[-0.999849737,0.0173203498,0,-0.0173203498,-0.999849737,0,0,0,0.999999523],"scale":2.52263188,"type":"debris_a_d"}
{"pos":[-662.947205,-252.652664,-14.9757166],"rotationMatrix":[-0.999849737,0.0173203498,0,-0.0173203498,-0.999849737,0,0,0,0.999999523],"scale":2.52263188,"type":"debris_a_d"}
{"pos":[-663.990173,-264.283112,-14.9757099],"rotationMatrix":[-0.996403933,-0.0847255662,0,0.0847255662,-0.996403933,0,0,0,0.999999404],"scale":2.52263188,"type":"debris_a_d"}
{"pos":[-663.720825,-263.347839,-14.9508886],"rotationMatrix":[0.995582521,-0.0938868895,0,0.0938868895,0.995582521,0,0,0,0.999999523],"scale":2.52263188,"type":"debris_a_d"}
{"pos":[-663.990173,-264.283112,-14.9757099],"rotationMatrix":[-0.996403933,-0.0847255662,0,0.0847255662,-0.996403933,0,0,0,0.999999404],"scale":2.52263188,"type":"debris_a_d"}
{"pos":[-662.887268,-264.491028,-14.9757099],"rotationMatrix":[-0.996403933,-0.0847255662,0,0.0847255662,-0.996403933,0,0,0,0.999999404],"scale":2.52263188,"type":"debris_a_d"}
{"pos":[-663.618103,-263.624298,-14.9508886],"rotationMatrix":[-0.996403933,-0.0847255662,0,0.0847255662,-0.996403933,0,0,0,0.999999404],"scale":2.52263188,"type":"debris_a_d"}
