{"pos":[-662.090576,-256.964203,-14.3454342],"rotationMatrix":[-0.996821702,0.0475235246,-0.0639273897,0.0485990308,0.998699427,-0.0153744994,0.0631136224,-0.0184324551,-0.997835279],"scale":3.03796339,"type":"debris_a_c"}
