{"pos":[-2.64195609,740.050232,-19.009306],"rotationMatrix":[0.953568041,-0.301177442,0,0.301177442,0.953568041,0,0,0,0.999999881],"scale":1,"type":"debris_b_bigbrick_a"}
{"pos":[-0.84187746,773.71875,-19.0118999],"rotationMatrix":[0.185919493,0.982564926,0,-0.982564926,0.185919493,0,0,0,0.999999881],"scale":1,"type":"debris_b_bigbrick_a"}
{"pos":[-4.43675137,774.675476,-19.0067177],"rotationMatrix":[-0.896564543,-0.442913085,0,0.442913085,-0.896564543,0,0,0,0.999999881],"scale":1,"type":"debris_b_bigbrick_a"}
{"pos":[-1.30494022,801.841064,-18.981514],"rotationMatrix":[-0.980647266,0.195782349,0,-0.195782349,-0.980647266,0,0,0,0.999999881],"scale":1,"type":"debris_b_bigbrick_a"}
{"pos":[-0.835644722,804.291382,-18.9821892],"rotationMatrix":[-0.95598799,-0.293405384,0,0.293405384,-0.95598799,0,0,0,0.999999881],"scale":1,"type":"debris_b_bigbrick_a"}
{"pos":[-1.8999176,807.312378,-18.9806557],"rotationMatrix":[0.749371111,0.662150204,0,-0.662150204,0.749371111,0,0,0,0.999999881],"scale":1,"type":"debris_b_bigbrick_a"}
{"pos":[-2.59565067,809.84375,-18.9796524],"rotationMatrix":[-0.302692473,-0.953088224,0,0.953088224,-0.302692473,0,0,0,0.999999881],"scale":1,"type":"debris_b_bigbrick_a"}
{"pos":[-3.47496653,832.800171,-18.9783859],"rotationMatrix":[0.89193356,-0.452166378,0,0.452166378,0.89193356,0,0,0,0.999999881],"scale":1,"type":"debris_b_bigbrick_a"}
{"pos":[-3.91354895,833.547852,-18.9777527],"rotationMatrix":[0.937103033,-0.349052638,0,0.349052638,0.937103033,0,0,0,0.999999881],"scale":1,"type":"debris_b_bigbrick_a"}
{"pos":[-4.18423128,836.290771,-18.9773636],"rotationMatrix":[0.728037953,0.685536802,0,-0.685536802,0.728037953,0,0,0,0.999999881],"scale":1,"type":"debris_b_bigbrick_a"}
{"pos":[-0.905385256,862.051819,-18.98209],"rotationMatrix":[0.837541759,0.546373308,0,-0.546373308,0.837541759,0,0,0,0.999999881],"scale":1,"type":"debris_b_bigbrick_a"}
{"pos":[-2.57840896,858.543762,-18.9796772],"rotationMatrix":[-0.982048929,-0.188625649,0,0.188625649,-0.982048929,0,0,0,0.999999881],"scale":1,"type":"debris_b_bigbrick_a"}
{"pos":[-2.37263107,862.052185,-18.9799728],"rotationMatrix":[0.57828027,-0.815838039,0,0.815838039,0.57828027,0,0,0,0.999999881],"scale":1,"type":"debris_b_bigbrick_a"}
{"pos":[9.55865669,798.305847,-18.976635],"rotationMatrix":[0.827944636,-0.560809672,0,0.560809672,0.827944636,0,0,0,0.999999881],"scale":1,"type":"debris_b_bigbrick_a"}
{"pos":[9.52441978,797.88385,-18.9765854],"rotationMatrix":[0.665463567,0.746430337,0,-0.746430337,0.665463567,0,0,0,0.999999881],"scale":1,"type":"debris_b_bigbrick_a"}
{"pos":[9.66532516,788.486267,-18.9767876],"rotationMatrix":[-0.682046294,0.731308699,0,-0.731308699,-0.682046294,0,0,0,0.999999881],"scale":1,"type":"debris_b_bigbrick_a"}
{"pos":[8.57497692,765.144592,-19.0049362],"rotationMatrix":[0.246364191,-0.969177246,0,0.969177246,0.246364191,0,0,0,0.999999881],"scale":1,"type":"debris_b_bigbrick_a"}
{"pos":[8.88579941,764.137756,-19.0053844],"rotationMatrix":[0.640732765,0.767763972,0,-0.767763972,0.640732765,0,0,0,0.999999881],"scale":1,"type":"debris_b_bigbrick_a"}
{"pos":[10.8523169,767.820618,-19.0082169],"rotationMatrix":[-0.891948104,0.45213756,0,-0.45213756,-0.891948104,0,0,0,0.999999881],"scale":1,"type":"debris_b_bigbrick_a"}
{"pos":[8.81563568,767.326233,-19.0052814],"rotationMatrix":[-0.976462305,0.215687975,0,-0.215687975,-0.976462305,0,0,0,0.999999881],"scale":1,"type":"debris_b_bigbrick_a"}
{"pos":[9.66031075,768.780579,-19.0065002],"rotationMatrix":[-0.923826635,-0.38281101,0,0.38281101,-0.923826635,0,0,0,0.999999881],"scale":1,"type":"debris_b_bigbrick_a"}
{"pos":[8.96696472,752.138062,-19.0055008],"rotationMatrix":[-0.990994751,-0.133900076,0,0.133900076,-0.990994751,0,0,0,0.999999881],"scale":1,"type":"debris_b_bigbrick_a"}
{"pos":[11.6939754,750.009216,-19.0094318],"rotationMatrix":[0.93166393,-0.363321036,0,0.363321036,0.93166393,0,0,0,0.999999881],"scale":1,"type":"debris_b_bigbrick_a"}
{"pos":[9.49914551,751.487976,-19.0062675],"rotationMatrix":[-0.157013625,-0.987596333,0,0.987596333,-0.157013625,0,0,0,0.999999881],"scale":1,"type":"debris_b_bigbrick_a"}
{"pos":[10.4842901,753.815491,-19.0076866],"rotationMatrix":[0.0544799641,0.998514771,0,-0.998514771,0.0544799641,0,0,0,0.999999881],"scale":1,"type":"debris_b_bigbrick_a"}
{"pos":[9.47091484,752.01593,-19.0062275],"rotationMatrix":[-0.932326496,0.361617595,0,-0.361617595,-0.932326496,0,0,0,0.999999881],"scale":1,"type":"debris_b_bigbrick_a"}
{"pos":[9.14923954,750.617859,-19.005764],"rotationMatrix":[-0.788959086,0.614445567,0,-0.614445567,-0.788959086,0,0,0,0.999999881],"scale":1,"type":"debris_b_bigbrick_a"}
{"pos":[8.40035915,748.576599,-19.0046844],"rotationMatrix":[-0.99400723,0.109313555,0,-0.109313555,-0.99400723,0,0,0,0.999999881],"scale":1,"type":"debris_b_bigbrick_a"}
{"pos":[10.2822876,748.142029,-19.0073967],"rotationMatrix":[-0.940382302,0.340118915,0,-0.340118915,-0.940382302,0,0,0,0.999999881],"scale":1,"type":"debris_b_bigbrick_a"}
{"pos":[10.2544632,750.51239,-19.0073547],"rotationMatrix":[-0.769760191,-0.638333023,0,0.638333023,-0.769760191,0,0,0,0.999999881],"scale":1,"type":"debris_b_bigbrick_a"}
{"pos":[8.24977684,747.735657,-19.004467],"rotationMatrix":[-0.981495202,0.191485971,0,-0.191485971,-0.981495202,0,0,0,0.999999881],"scale":1,"type":"debris_b_bigbrick_a"}
{"pos":[5.51406288,744.726135,-19.0005245],"rotationMatrix":[-0.0583182536,-0.99829793,0,0.99829793,-0.0583182536,0,0,0,0.999999881],"scale":1,"type":"debris_b_bigbrick_a"}
{"pos":[10.0309134,744.43811,-19.0070343],"rotationMatrix":[-0.92623204,-0.376953781,0,0.376953781,-0.92623204,0,0,0,0.999999881],"scale":1,"type":"debris_b_bigbrick_a"}
{"pos":[9.76368618,798.707642,-18.9769287],"rotationMatrix":[-0.812865376,-0.582451403,0,0.582451403,-0.812865376,0,0,0,0.999999881],"scale":1,"type":"debris_b_bigbrick_a"}
{"pos":[11.1855078,800.265991,-18.9789772],"rotationMatrix":[0.992194653,-0.124697551,0,0.124697551,0.992194653,0,0,0,0.999999881],"scale":1,"type":"debris_b_bigbrick_a"}
{"pos":[9.46276855,801.187317,-18.9764938],"rotationMatrix":[-0.113831073,0.993500054,0,-0.993500054,-0.113831073,0,0,0,0.999999881],"scale":1,"type":"debris_b_bigbrick_a"}
{"pos":[8.10400105,799.376282,-18.9745369],"rotationMatrix":[-0.868666828,-0.495396644,0,0.495396644,-0.868666828,0,0,0,0.999999881],"scale":1,"type":"debris_b_bigbrick_a"}
{"pos":[10.0177937,799.498657,-18.9772949],"rotationMatrix":[0.507719517,-0.861522377,0,0.861522377,0.507719517,0,0,0,0.999999881],"scale":1,"type":"debris_b_bigbrick_a"}
{"pos":[11.2826786,798.404541,-18.9791183],"rotationMatrix":[-0.126670837,0.99194473,0,-0.99194473,-0.126670837,0,0,0,0.999999881],"scale":1,"type":"debris_b_bigbrick_a"}
{"pos":[11.2221909,801.796936,-18.9790306],"rotationMatrix":[0.665136755,0.746721566,0,-0.746721566,0.665136755,0,0,0,0.999999881],"scale":1,"type":"debris_b_bigbrick_a"}
{"pos":[13.1268063,818.916443,-18.9817772],"rotationMatrix":[-0.747285485,-0.664503098,0,0.664503098,-0.747285485,0,0,0,0.999999881],"scale":1,"type":"debris_b_bigbrick_a"}
{"pos":[11.0192461,817.149353,-18.9787388],"rotationMatrix":[-0.800906122,-0.598789692,0,0.598789692,-0.800906122,0,0,0,0.999999881],"scale":1,"type":"debris_b_bigbrick_a"}
{"pos":[11.9890242,821.201172,-18.9801369],"rotationMatrix":[-0.991818488,0.127655581,0,-0.127655581,-0.991818488,0,0,0,0.999999881],"scale":1,"type":"debris_b_bigbrick_a"}
{"pos":[11.5451698,821.34967,-18.979496],"rotationMatrix":[-0.447268248,-0.894399762,0,0.894399762,-0.447268248,0,0,0,0.999999881],"scale":1,"type":"debris_b_bigbrick_a"}
{"pos":[11.8978691,819.161499,-18.9800034],"rotationMatrix":[0.00935367588,0.999956131,0,-0.999956131,0.00935367588,0,0,0,0.999999881],"scale":1,"type":"debris_b_bigbrick_a"}
{"pos":[10.1656618,820.95343,-18.9775085],"rotationMatrix":[0.909390748,0.415942699,0,-0.415942699,0.909390748,0,0,0,0.999999881],"scale":1,"type":"debris_b_bigbrick_a"}
{"pos":[10.9053822,831.634583,-18.9785748],