{"pos":[315.27713,290.839142,-18.6373959],"rotationMatrix":[-0.153165951,-0.988200366,0,0.988200366,-0.153165951,0,0,0,0.999999881],"scale":1,"type":"debris_a_brick_a"}
{"pos":[315.530243,290.255981,-18.6373959],"rotationMatrix":[-0.41044715,-0.911884367,0,0.911884367,-0.41044715,0,0,0,0.999999881],"scale":1,"type":"debris_a_brick_a"}
{"pos":[315.125427,290.43927,-18.6373959],"rotationMatrix":[0.948494315,-0.316793919,0,0.316793919,0.948494315,0,0,0,0.999999881],"scale":1,"type":"debris_a_brick_a"}
{"pos":[315.148407,290.649292,-18.6373959],"rotationMatrix":[-0.996802151,-0.0799078643,0,0.0799078643,-0.996802151,0,0,0,0.999999881],"scale":1,"type":"debris_a_brick_a"}
{"pos":[315.331818,290.939056,-18.6373959],"rotationMatrix":[0.992196918,-0.124680035,0,0.124680035,0.992196918,0,0,0,0.999999881],"scale":1,"type":"debris_a_brick_a"}
{"pos":[-4.92417192,742.847229,-19.0060158],"rotationMatrix":[-0.852340877,-0.52298665,0,0.52298665,-0.852340877,0,0,0,0.999999881],"scale":1,"type":"debris_a_brick_a"}
{"pos":[-1.03474236,742.495728,-19.0116215],"rotationMatrix":[0.0990804955,0.995079339,0,-0.995079339,0.0990804955,0,0,0,0.999999881],"scale":1,"type":"debris_a_brick_a"}
{"pos":[-1.20782423,743.504089,-19.0113716],"rotationMatrix":[0.994947851,0.100392036,0,-0.100392036,0.994947851,0,0,0,0.999999881],"scale":1,"type":"debris_a_brick_a"}
{"pos":[-2.53802967,776.492798,-19.0094547],"rotationMatrix":[0.900503874,0.434847951,0,-0.434847951,0.900503874,0,0,0,0.999999881],"scale":1,"type":"debris_a_brick_a"}
{"pos":[-2.60501313,801.516113,-18.9796391],"rotationMatrix":[0.709828019,-0.70437485,0,0.70437485,0.709828019,0,0,0,0.999999881],"scale":1,"type":"debris_a_brick_a"}
{"pos":[-5.15792084,820.268372,-18.9759598],"rotationMatrix":[-0.934188783,0.356778979,0,-0.356778979,-0.934188783,0,0,0,0.999999881],"scale":1,"type":"debris_a_brick_a"}
{"pos":[-6.95287037,833.771362,-18.9733734],"rotationMatrix":[-0.447827667,0.89411974,0,-0.89411974,-0.447827667,0,0,0,0.999999881],"scale":1,"type":"debris_a_brick_a"}
{"pos":[-5.58343792,834.828308,-18.9753456],"rotationMatrix":[-0.749304235,-0.662225902,0,0.662225902,-0.749304235,0,0,0,0.999999881],"scale":1,"type":"debris_a_brick_a"}
{"pos":[-3.98158073,835.839478,-18.9776554],"rotationMatrix":[0.707942069,0.706270456,0,-0.706270456,0.707942069,0,0,0,0.999999881],"scale":1,"type":"debris_a_brick_a"}
{"pos":[-0.938161373,861.187683,-18.9820404],"rotationMatrix":[-0.995851159,0.0909966603,0,-0.0909966603,-0.995851159,0,0,0,0.999999881],"scale":1,"type":"debris_a_brick_a"}
{"pos":[-5.44684744,865.05011,-18.975544],"rotationMatrix":[-0.483903766,-0.875121176,0,0.875121176,-0.483903766,0,0,0,0.999999881],"scale":1,"type":"debris_a_brick_a"}
{"pos":[11.58673,850.123169,-18.979557],"rotationMatrix":[0.378008872,-0.925801814,0,0.925801814,0.378008872,0,0,0,0.999999881],"scale":1,"type":"debris_a_brick_a"}
{"pos":[8.65270805,797.014282,-18.9753265],"rotationMatrix":[0.203443035,-0.979086697,0,0.979086697,0.203443035,0,0,0,0.999999881],"scale":1,"type":"debris_a_brick_a"}
{"pos":[10.3543205,796.016113,-18.9777794],"rotationMatrix":[-0.993993104,-0.109442063,0,0.109442063,-0.993993104,0,0,0,0.999999881],"scale":1,"type":"debris_a_brick_a"}
{"pos":[8.66578102,796.732361,-18.9753456],"rotationMatrix":[-0.911086738,-0.412214637,0,0.412214637,-0.911086738,0,0,0,0.999999881],"scale":1,"type":"debris_a_brick_a"}
{"pos":[9.52903652,795.474792,-18.9765911],"rotationMatrix":[-0.317773879,0.94816643,0,-0.94816643,-0.317773879,0,0,0,0.999999881],"scale":1,"type":"debris_a_brick_a"}
{"pos":[9.02458382,797.12738,-18.9758644],"rotationMatrix":[-0.116732724,-0.993163288,0,0.993163288,-0.116732724,0,0,0,0.999999881],"scale":1,"type":"debris_a_brick_a"}
{"pos":[6.59304571,795.273499,-18.9723587],"rotationMatrix":[-0.976102769,0.217308939,0,-0.217308939,-0.976102769,0,0,0,0.999999881],"scale":1,"type":"debris_a_brick_a"}
{"pos":[10.5763874,787.324219,-18.9780998],"rotationMatrix":[0.806533694,-0.591187894,0,0.591187894,0.806533694,0,0,0,0.999999881],"scale":1,"type":"debris_a_brick_a"}
{"pos":[10.9155846,788.228394,-18.9785881],"rotationMatrix":[0.927610695,0.373548359,0,-0.373548359,0.927610695,0,0,0,0.999999881],"scale":1,"type":"debris_a_brick_a"}
{"pos":[7.99459028,785.064087,-18.9743786],"rotationMatrix":[-0.352658391,-0.935752094,0,0.935752094,-0.352658391,0,0,0,0.999999881],"scale":1,"type":"debris_a_brick_a"}
{"pos":[11.6661682,782.567993,-19.0093918],"rotationMatrix":[-0.275832713,0.961205542,0,-0.961205542,-0.275832713,0,0,0,0.999999881],"scale":1,"type":"debris_a_brick_a"}
{"pos":[13.3095932,783.606323,-18.9820404],"rotationMatrix":[-0.999977291,-0.00672326516,0,0.00672326516,-0.999977291,0,0,0,0.999999881],"scale":1,"type":"debris_a_brick_a"}
{"pos":[9.09340668,782.170959,-19.0056839],"rotationMatrix":[0.959307492,-0.282363266,0,0.282363266,0.959307492,0,0,0,0.999999881],"scale":1,"type":"debris_a_brick_a"}
{"pos":[10.5664539,784.676086,-18.9780846],"rotationMatrix":[-0.58789444,-0.808937669,0,0.808937669,-0.58789444,0,0,0,0.999999881],"scale":1,"type":"debris_a_brick_a"}
{"pos":[6.41211414,786.783203,-18.9720993],"rotationMatrix":[0.970321417,0.241818577,0,-0.241818577,0.970321417,0,0,0,0.999999881],"scale":1,"type":"debris_a_brick_a"}
{"pos":[7.58145332,789.865173,-18.9737835],"rotationMatrix":[0.182209343,0.983259737,0,-0.983259737,0.182209343,0,0,0,0.999999881],"scale":1,"type":"debris_a_brick_a"}
{"pos":[7.43362713,762.478088,-19.0032902],"rotationMatrix":[0.982480228,0.186366558,0,-0.186366558,0.982480228,0,0,0,0.999999881],"scale":1,"type":"debris_a_brick_a"}
{"pos":[10.3237228,761.31488,-19.0074577],"rotationMatrix":[-0.548709512,-0.8360129,0,0.8360129,-0.548709512,0,0,0,0.999999881],"scale":1,"type":"debris_a_brick_a"}
{"pos":[7.34858704,763.210449,-19.0031681],"rotationMatrix":[-0.991933882,0.126755536,0,-0.126755536,-0.991933882,0,0,0,0.999999881],"scale":1,"type":"debris_a_brick_a"}
{"pos":[9.18908691,761.497253,-19.0058212],"rotationMatrix":[0.977568567,-0.210616931,0,0.210616931,0.977568567,0,0,0,0.999999881],"scale":1,"type":"debris_a_brick_a"}
{"pos":[10.5741501,765.245483,-19.0078163],"rotationMatrix":[0.717305958,-0.696758211,0,0.696758211,0.717305958,0,0,0,0.999999881],"scale":1,"type":"debris_a_brick_a"}
{"pos":[9.52577972,765.279114,-19.0063057],"rotationMatrix":[0.667590916,-0.744528174,0,0.744528174,0.667590916,0,0,0,0.999999881],"scale":1,"type":"debris_a_brick_a"}
{"pos":[7.36670113,762.651978,-19.0031929],"rotationMatrix":[-0.25397411,-0.967210948,0,0.967210948,-0.25397411,0,0,0,0.999999881],"scale":1,"type":"debris_a_brick_a"}
{"pos":[9.67119884,766.773865,-19.0065155],"rotationMatrix":[0.946412146,0.322961241,0,-0.322961241,0.946412146,0,0,0,0.999999881],"scale":1,"type":"debris_a_brick_a"}
{"pos":[13.1977654,767.78125,-19.0115986],"rotationMatrix":[-0.125679165,-0.992070854,0,0.992070854,-0.125679165,0,0,0,0.999999881],"scale":1,"type":"debris_a_brick_a"}
{"pos":[10.3301945,767.506592,-19.0074654],"rotationMatrix":[0.794974864,-0.606642246,0,0.606642246,0.794974864,0,0,0,0.999999881],"scale":1,"type":"debris_a_brick_a"}
{"pos":[12.4667616,766.789124,-19.0105438],"rotationMatrix":[0.430830836,-0.902432621,0,0.902432621,0.430830836,0,0,0,0.999999881],"scale":1,"type":"debris_a_brick_a"}
{"pos":[11.4730377,751.697327,-19.0091133],"rotationMatrix":[-0.976597846,0.215073317,0,-0.215073317,-0.976597846,0,0,0,0.999999881],"scale":1,"type":"debris_a_brick_a"}
{"pos":[11.2478619,752.154846,-19.0087891],"rotationMatrix":[0.363671154,0.931527436,0,-0.931527436,0.363671154,0,0,0,0.999999881],"scale":1,"type":"debris_a_brick_a"}
{"pos":[7.50501108,751.07251,-19.0033951],"rotationMatrix":[-0.435940027,-0.899975598,0,0.899975598,-0.435940027,0,0,0,0.999999881],"scale":1,"type":"debris_a_brick_a"}
{"pos":[8.77791595,749.181702,-19.005228],"rotationMatrix":[0.768452704,0.639906585,0,-0.639906585,0.768452704,0,0,0,0.999999881],"scale":1,"type":"debris_a_brick_a"}
{"pos":[10.7812157,748.633667,-19.0081158],