{"pos":[235.717438,-902.481201,-19.626833],"rotationMatrix":[-0.0429238938,-0.999078333,0,0.999078333,-0.0429238938,0,0,0,1],"scale":1,"type":"debris_m_barlong"}
{"pos":[236.398026,-905.283264,-20.1342316],"rotationMatrix":[0.1972038,-0.980362535,0,0.980362535,0.1972038,0,0,0,1],"scale":1,"type":"debris_m_barlong"}
