{"pos":[-662.832825,-262.44873,-14.7573652],"rotationMatrix":[-0.790561199,-0.612382412,0,0.612382412,-0.790561199,0,0,0,0.999999642],"scale":1.56667185,"type":"debris_a_e"}
{"pos":[-661.64032,-265.792023,-14.7573652],"rotationMatrix":[-0.983378351,-0.181566656,0,0.181566656,-0.983378351,0,0,0,0.999999762],"scale":1.56667185,"type":"debris_a_e"}
{"pos":[-661.068604,-264.092865,-14.7573652],"rotationMatrix":[-0.453342915,0.891335785,0,-0.891335785,-0.453342915,0,0,0,0.999999642],"scale":1.56667185,"type":"debris_a_e"}
