{"pos":[11.967289,740.672668,-19.0098248],"rotationMatrix":[-0.280895829,-0.959738195,0,0.959738195,-0.280895829,0,0,0,0.999999881],"scale":1,"type":"debris_b_col_small"}
