{"pos":[-793.781433,-542.08905,-13.5570755],"rotationMatrix":[0.842105925,-0.539312184,0,0.539312184,0.842105925,0,0,0,1],"scale":1,"type":"debris_m_barbent_b"}
{"pos":[-816.29425,-539.007996,-13.8716917],"rotationMatrix":[-0.0922177657,-0.995738864,0,0.995738864,-0.0922177657,0,0,0,1],"scale":1,"type":"debris_m_barbent_b"}
