{"pos":[264.386261,-758.610107,-17.6088371],"rotationMatrix":[-0.305974305,-0.952039778,0,0.952039778,-0.305974305,0,0,0,1],"scale":1,"type":"debris_a_s2"}
{"pos":[263.125488,-759.684448,-17.5911751],"rotationMatrix":[-0.858832836,-0.512255967,0,0.512255967,-0.858832836,0,0,0,1],"scale":1,"type":"debris_a_s2"}
{"pos":[259.724854,-759.136047,-17.6217918],"rotationMatrix":[-0.487223268,-0.873277426,0,0.873277426,-0.487223268,0,0,0,1],"scale":1,"type":"debris_a_s2"}
