{"pos":[-665.672607,-254.376648,-14.5350704],"rotationMatrix":[0.09040194,-0.995905221,0,0.995905221,0.09040194,0,0,0,0.999999881],"scale":1,"type":"debris_a_brick_d"}
