{"pos":[-808.655823,-403.11795,-13.5440359],"rotationMatrix":[0.742365181,0.669995487,0,-0.669995487,0.742365181,0,0,0,1],"scale":1,"type":"debris_m_barrel_a"}
{"pos":[-792.009521,-345.458008,-13.5417252],"rotationMatrix":[-0.99197489,-0.126434922,0,0.126434922,-0.99197489,0,0,0,1],"scale":1,"type":"debris_m_barrel_a"}
{"pos":[-797.161194,-349.092621,-13.5417261],"rotationMatrix":[-0.868958652,0.494884759,0,-0.494884759,-0.868958652,0,0,0,1],"scale":1,"type":"debris_m_barrel_a"}
{"pos":[-794.795532,-350.444977,-13.5417242],"rotationMatrix":[-0.302789032,-0.953057587,0,0.953057587,-0.302789032,0,0,0,1],"scale":1,"type":"debris_m_barrel_a"}
{"pos":[-766.88623,-434.638031,-13.5685768],"rotationMatrix":[-0.63779366,-0.770207226,0,0.770207226,-0.63779366,0,0,0,1],"scale":1,"type":"debris_m_barrel_a"}
{"pos":[-767.615173,-435.204163,-13.5685768],"rotationMatrix":[-0.63779366,-0.770207226,0,0.770207226,-0.63779366,0,0,0,1],"scale":1,"type":"debris_m_barrel_a"}
{"pos":[-767.615173,-433.976837,-13.5685768],"rotationMatrix":[-0.63779366,-0.770207226,0,0.770207226,-0.63779366,0,0,0,1],"scale":1,"type":"debris_m_barrel_a"}
{"pos":[-739.927612,-408.56134,-13.5685778],"rotationMatrix":[-0.63779366,-0.770207226,0,0.770207226,-0.63779366,0,0,0,1],"scale":1,"type":"debris_m_barrel_a"}
{"pos":[-739.879883,-405.215454,-13.5685778],"rotationMatrix":[-0.63779366,-0.770207226,0,0.770207226,-0.63779366,0,0,0,1],"scale":1,"type":"debris_m_barrel_a"}
{"pos":[-735.266541,-405.642975,-13.5685778],"rotationMatrix":[-0.63779366,-0.770207226,0,0.770207226,-0.63779366,0,0,0,1],"scale":1,"type":"debris_m_barrel_a"}
{"pos":[-738.104065,-418.099457,-13.5685778],"rotationMatrix":[-0.63779366,-0.770207226,0,0.770207226,-0.63779366,0,0,0,1],"scale":1,"type":"debris_m_barrel_a"}
{"pos":[-746.736755,-407.842743,-13.5685778],"rotationMatrix":[-0.63779366,-0.770207226,0,0.770207226,-0.63779366,0,0,0,1],"scale":1,"type":"debris_m_barrel_a"}
{"pos":[-728.581482,-408.495575,-13.5685778],"rotationMatrix":[-0.63779366,-0.770207226,0,0.770207226,-0.63779366,0,0,0,1],"scale":1,"type":"debris_m_barrel_a"}
