{"pos":[231.557983,-900.468628,-18.2695408],"rotationMatrix":[-0.419593722,0.907712042,0,-0.907712042,-0.419593722,0,0,0,1],"scale":1,"type":"debris_m_barbent_a"}
{"pos":[230.056625,-898.964355,-18.2984123],"rotationMatrix":[-0.928087473,0.372362256,0,-0.372362256,-0.928087473,0,0,0,1],"scale":1,"type":"debris_m_barbent_a"}
{"pos":[232.5047,-900.166321,-18.3230839],"rotationMatrix":[-0.0679626614,0.997687876,0,-0.997687876,-0.0679626614,0,0,0,1],"scale":1,"type":"debris_m_barbent_a"}
{"pos":[235.549942,-907.176758,-20.5815449],"rotationMatrix":[0.606264591,-0.795262992,0,0.795262992,0.606264591,0,0,0,1],"scale":1,"type":"debris_m_barbent_a"}
{"pos":[231.568359,-905.611938,-19.3705482],"rotationMatrix":[-0.950802863,-0.309796482,0,0.309796482,-0.950802863,0,0,0,1],"scale":1,"type":"debris_m_barbent_a"}
{"pos":[232.500519,-904.76062,-18.8416157],"rotationMatrix":[0.784572542,-0.620037019,0,0.620037019,0.784572542,0,0,0,1],"scale":1,"type":"debris_m_barbent_a"}
{"pos":[11.5514278,743.644226,-19.0092258],"rotationMatrix":[-0.668337762,-0.74385792,0,0.74385792,-0.668337762,0,0,0,0.999999881],"scale":1,"type":"debris_m_barbent_a"}
{"pos":[-4.11796856,742.711182,-19.0071793],"rotationMatrix":[0.813400984,-0.581703126,0,0.581703126,0.813400984,0,0,0,0.999999881],"scale":1,"type":"debris_m_barbent_a"}
{"pos":[-2.34780693,743.818176,-19.0097294],"rotationMatrix":[0.999602675,-0.0281846449,0,0.0281846449,0.999602675,0,0,0,0.999999881],"scale":1,"type":"debris_m_barbent_a"}
{"pos":[-2.93132544,741.619629,-19.0088882],"rotationMatrix":[-0.996537149,0.083147347,0,-0.083147347,-0.996537149,0,0,0,0.999999881],"scale":1,"type":"debris_m_barbent_a"}
{"pos":[-5.06544495,773.227051,-19.0058136],"rotationMatrix":[0.997134447,0.0756487474,0,-0.0756487474,0.997134447,0,0,0,0.999999881],"scale":1,"type":"debris_m_barbent_a"}
{"pos":[-4.22536659,772.426208,-19.0070248],"rotationMatrix":[-0.993916094,-0.110139012,0,0.110139012,-0.993916094,0,0,0,0.999999881],"scale":1,"type":"debris_m_barbent_a"}
{"pos":[-5.11272049,804.476868,-18.9760246],"rotationMatrix":[-0.665086329,-0.746766329,0,0.746766329,-0.665086329,0,0,0,0.999999881],"scale":1,"type":"debris_m_barbent_a"}
{"pos":[-7.32026958,812.488953,-18.9728432],"rotationMatrix":[0.0544351861,-0.998517156,0,0.998517156,0.0544351861,0,0,0,0.999999881],"scale":1,"type":"debris_m_barbent_a"}
{"pos":[-5.61729622,807.426208,-18.975296],"rotationMatrix":[-0.929769695,-0.368141651,0,0.368141651,-0.929769695,0,0,0,0.999999881],"scale":1,"type":"debris_m_barbent_a"}
{"pos":[-25.2808323,-710.518433,-8.20830631],"rotationMatrix":[-0.855680466,0.517504275,0,-0.517504275,-0.855680466,0,0,0,0.999999881],"scale":1,"type":"debris_m_barbent_a"}
{"pos":[-33.3503609,-703.100708,-7.47314167],"rotationMatrix":[0.835888505,0.548899233,0,-0.548899233,0.835888505,0,0,0,0.999999881],"scale":1,"type":"debris_m_barbent_a"}
{"pos":[-26.701992,-711.93219,-8.42145634],"rotationMatrix":[-0.988061309,-0.154060781,0,0.154060781,-0.988061309,0,0,0,0.999999881],"scale":1,"type":"debris_m_barbent_a"}
{"pos":[-29.3976154,-699.278931,-7.04272175],"rotationMatrix":[-0.302643836,0.953103602,0,-0.953103602,-0.302643836,0,0,0,0.999999881],"scale":1,"type":"debris_m_barbent_a"}
{"pos":[-27.4194794,-702.741943,-7.32294178],"rotationMatrix":[-0.979853511,0.199717328,0,-0.199717328,-0.979853511,0,0,0,0.999999881],"scale":1,"type":"debris_m_barbent_a"}
{"pos":[-27.1369915,-700.984253,-7.15915394],"rotationMatrix":[0.33936125,-0.940656006,0,0.940656006,0.33936125,0,0,0,0.999999881],"scale":1,"type":"debris_m_barbent_a"}
{"pos":[-25.713932,-709.644714,-8.14334583],"rotationMatrix":[0.926624,0.375989109,0,-0.375989109,0.926624,0,0,0,0.999999881],"scale":1,"type":"debris_m_barbent_a"}
{"pos":[-26.6749802,-705.953247,-7.72222233],"rotationMatrix":[0.232073843,-0.972698033,0,0.972698033,0.232073843,0,0,0,0.999999881],"scale":1,"type":"debris_m_barbent_a"}
{"pos":[-29.5703506,-704.437195,-7.56155872],"rotationMatrix":[-0.903835714,-0.427879602,0,0.427879602,-0.903835714,0,0,0,0.999999881],"scale":1,"type":"debris_m_barbent_a"}
{"pos":[-22.1809425,-704.684082,-7.68719578],"rotationMatrix":[-0.485334009,0.874328673,0,-0.874328673,-0.485334009,0,0,0,0.999999881],"scale":1,"type":"debris_m_barbent_a"}
{"pos":[-46.9310074,-705.010315,-8.27542973],"rotationMatrix":[0.994472206,0.105000012,0,-0.105000012,0.994472206,0,0,0,0.999999881],"scale":1,"type":"debris_m_barbent_a"}
{"pos":[-49.502018,-711.931274,-9.52922153],"rotationMatrix":[0.788332522,-0.615249336,0,0.615249336,0.788332522,0,0,0,0.999999881],"scale":1,"type":"debris_m_barbent_a"}
{"pos":[-52.2475853,-712.692749,-9.709589],"rotationMatrix":[0.88676542,-0.462219566,0,0.462219566,0.88676542,0,0,0,0.999999881],"scale":1,"type":"debris_m_barbent_a"}
{"pos":[-54.2320061,-702.88147,-7.7693758],"rotationMatrix":[-0.55682683,0.830628395,0,-0.830628395,-0.55682683,0,0,0,0.999999881],"scale":1,"type":"debris_m_barbent_a"}
{"pos":[-54.3898773,-710.240173,-9.02109623],"rotationMatrix":[-0.988410234,0.151805893,0,-0.151805893,-0.988410234,0,0,0,0.999999881],"scale":1,"type":"debris_m_barbent_a"}
{"pos":[-45.4328117,-696.497314,-7.07987213],"rotationMatrix":[0.934672773,-0.355508924,0,0.355508924,0.934672773,0,0,0,0.999999881],"scale":1,"type":"debris_m_barbent_a"}
{"pos":[-47.5812836,-691.832581,-6.80833435],"rotationMatrix":[-0.296668857,0.954980314,0,-0.954980314,-0.296668857,0,0,0,0.999999881],"scale":1,"type":"debris_m_barbent_a"}
{"pos":[-41.6145744,-689.368286,-6.49799347],"rotationMatrix":[-0.0159217212,-0.999873161,0,0.999873161,-0.0159217212,0,0,0,0.999999881],"scale":1,"type":"debris_m_barbent_a"}
{"pos":[-61.6908302,-693.639954,-6.94591188],"rotationMatrix":[-0.950233757,-0.311537355,0,0.311537355,-0.950233757,0,0,0,0.999999881],"scale":1,"type":"debris_m_barbent_a"}
{"pos":[-60.0842934,-682.638367,-6.23814392],"rotationMatrix":[-0.643553674,0.765400708,0,-0.765400708,-0.643553674,0,0,0,0.999999881],"scale":1,"type":"debris_m_barbent_a"}
{"pos":[-55.2961922,-663.246887,-6.83364487],"rotationMatrix":[0.16713503,-0.985933959,0,0.985933959,0.16713503,0,0,0,0.999999881],"scale":1,"type":"debris_m_barbent_a"}
{"pos":[-51.413353,-660.322937,-7.00491333],"rotationMatrix":[-0.999939144,-0.0110208252,0,0.0110208252,-0.999939144,0,0,0,0.999999881],"scale":1,"type":"debris_m_barbent_a"}
{"pos":[-30.8195839,-672.904114,-6.9340477],"rotationMatrix":[-0.246316493,0.969189346,0,-0.969189346,-0.246316493,0,0,0,0.999999881],"scale":1,"type":"debris_m_barbent_a"}
{"pos":[-22.5805721,-673.387451,-7.09617233],"rotationMatrix":[-0.973180175,-0.230044127,0,0.230044127,-0.973180175,0,0,0,0.999999881],"scale":1,"type":"debris_m_barbent_a"}
{"pos":[-24.4250717,-673.878906,-6.98693466],"rotationMatrix":[0.521492243,-0.853255928,0,0.853255928,0.521492243,0,0,0,0.999999881],"scale":1,"type":"debris_m_barbent_a"}
{"pos":[-15.726161,-699.001282,-7.69314194],"rotationMatrix":[0.0711417943,-0.997466087,0,0.997466087,0.0711417943,0,0,0,0.999999881],"scale":1,"type":"debris_m_barbent_a"}
{"pos":[-2.59611082,-672.596802,-8.61676407],"rotationMatrix":[-0.982142627,0.188137859,0,-0.188137859,-0.982142627,0,0,0,0.999999881],"scale":1,"type":"debris_m_barbent_a"}
{"pos":[-31.8827801,-666.69574,-7.04149246],"rotationMatrix":[-0.136072427,0.990698755,0,-0.990698755,-0.136072427,0,0,0,0.999999881],"scale":1,"type":"debris_m_barbent_a"}
{"pos":[-32.3381844,-664.674133,-7.07827377],"rotationMatrix":[-0.400436193,0.916324556,0,-0.916324556,-0.400436193,0,0,0,0.999999881],"scale":1,"type":"debris_m_barbent_a"}
{"pos":[-18.1655769,-676.852661,-7.08914948],"rotationMatrix":[-0.824240923,-0.566239238,0,0.566239238,-0.824240923,0,0,0,0.999999881],"scale":1,"type":"debris_m_barbent_a"}
{"pos":[-43.3117905,-687.702698,-6.46935368],"rotationMatrix":[0.63800168,0.770034969,0,-0.770034969,0.63800168,0,0,0,0.999999881],"scale":1,"type":"debris_m_barbent_a"}
