{"pos":[-474.753815,-773.151245,-9.90509987],"rotationMatrix":[-0.888799548,-0.45829615,0,0.45829615,-0.888799548,0,0,0,1],"scale":1,"type":"debris_m_barrel_b"}
{"pos":[-468.750061,-774.547668,-9.72064972],"rotationMatrix":[0.142946824,-0.989730358,0,0.989730358,0.142946824,0,0,0,1],"scale":1,"type":"debris_m_barrel_b"}
{"pos":[-471.597229,-770.222717,-10.5683146],"rotationMatrix":[-0.390030146,0.920802116,0,-0.920802116,-0.390030146,0,0,0,1],"scale":1,"type":"debris_m_barrel_b"}
{"pos":[-469.06604,-773.008911,-10.8987846],"rotationMatrix":[0.985237181,0.171194747,0,-0.171194747,0.985237181,0,0,0,1],"scale":1,"type":"debris_m_barrel_b"}
{"pos":[-2.67123556,803.521118,-18.9795437],"rotationMatrix":[-0.996106565,0.0881566331,0,-0.0881566331,-0.996106565,0,0,0,0.999999881],"scale":1,"type":"debris_m_barrel_b"}
{"pos":[-6.82204866,810.237549,-18.9735603],"rotationMatrix":[0.777554989,-0.628814757,0,0.628814757,0.777554989,0,0,0,0.999999881],"scale":1,"type":"debris_m_barrel_b"}
{"pos":[-4.97936344,833.401733,-18.9762154],"rotationMatrix":[-0.316974431,-0.948434055,0,0.948434055,-0.316974431,0,0,0,0.999999881],"scale":1,"type":"debris_m_barrel_b"}
{"pos":[-8.31411934,835.272705,-18.9714108],"rotationMatrix":[-0.850179017,0.526493609,0,-0.526493609,-0.850179017,0,0,0,0.999999881],"scale":1,"type":"debris_m_barrel_b"}
{"pos":[-47.2334518,-706.148682,-8.4796114],"rotationMatrix":[0.995331824,-0.0965110064,0,0.0965110064,0.995331824,0,0,0,0.999999881],"scale":1,"type":"debris_m_barrel_b"}
{"pos":[-56.1198883,-708.501831,-8.58487034],"rotationMatrix":[0.231800184,-0.97276336,0,0.97276336,0.231800184,0,0,0,0.999999881],"scale":1,"type":"debris_m_barrel_b"}
{"pos":[-50.6822586,-710.234253,-9.24115753],"rotationMatrix":[0.0718633309,0.99741441,0,-0.99741441,0.0718633309,0,0,0,0.999999881],"scale":1,"type":"debris_m_barrel_b"}
{"pos":[-52.2486343,-700.011963,-7.42084122],"rotationMatrix":[0.971971571,-0.235098198,0,0.235098198,0.971971571,0,0,0,0.999999881],"scale":1,"type":"debris_m_barrel_b"}
{"pos":[-51.0104599,-700.049622,-7.47167206],"rotationMatrix":[-0.316910654,0.948455274,0,-0.948455274,-0.316910654,0,0,0,0.999999881],"scale":1,"type":"debris_m_barrel_b"}
{"pos":[-47.624321,-685.195618,-6.36763],"rotationMatrix":[-0.150791794,-0.988565505,0,0.988565505,-0.150791794,0,0,0,0.999999881],"scale":1,"type":"debris_m_barrel_b"}
{"pos":[-58.2497902,-690.122253,-6.70976639],"rotationMatrix":[0.452278614,0.891876698,0,-0.891876698,0.452278614,0,0,0,0.999999881],"scale":1,"type":"debris_m_barrel_b"}
{"pos":[-62.9033241,-692.018311,-6.71974182],"rotationMatrix":[-0.999048412,0.043611601,0,-0.043611601,-0.999048412,0,0,0,0.999999881],"scale":1,"type":"debris_m_barrel_b"}
{"pos":[-59.9051208,-681.314758,-6.1763916],"rotationMatrix":[0.537398338,0.843328536,0,-0.843328536,0.537398338,0,0,0,0.999999881],"scale":1,"type":"debris_m_barrel_b"}
{"pos":[-57.0866852,-665.671143,-6.68395996],"rotationMatrix":[-0.0587771125,0.998270988,0,-0.998270988,-0.0587771125,0,0,0,0.999999881],"scale":1,"type":"debris_m_barrel_b"}
{"pos":[-56.1441841,-665.01178,-6.73257446],"rotationMatrix":[-0.129447803,-0.991586089,0,0.991586089,-0.129447803,0,0,0,0.999999881],"scale":1,"type":"debris_m_barrel_b"}
{"pos":[-54.7367096,-668.041687,-6.56084061],"rotationMatrix":[0.999577045,0.0290780216,0,-0.0290780216,0.999577045,0,0,0,0.999999881],"scale":1,"type":"debris_m_barrel_b"}
{"pos":[-49.3991165,-663.044373,-6.83643723],"rotationMatrix":[-0.957219183,-0.289363503,0,0.289363503,-0.957219183,0,0,0,0.999999881],"scale":1,"type":"debris_m_barrel_b"}
{"pos":[-51.0577049,-658.940308,-7.0680542],"rotationMatrix":[-0.911121547,0.412137449,0,-0.412137449,-0.911121547,0,0,0,0.999999881],"scale":1,"type":"debris_m_barrel_b"}
{"pos":[-46.2531319,-667.153198,-5.58102083],"rotationMatrix":[-0.478035033,0.878340602,0,-0.878340602,-0.478035033,0,0,0,0.999999881],"scale":1,"type":"debris_m_barrel_b"}
{"pos":[-42.5180511,-667.617981,-6.71996307],"rotationMatrix":[0.999899447,0.0141733335,0,-0.0141733335,0.999899447,0,0,0,0.999999881],"scale":1,"type":"debris_m_barrel_b"}
{"pos":[-31.6048145,-670.293091,-6.91664886],"rotationMatrix":[0.990113497,-0.140267774,0,0.140267774,0.990113497,0,0,0,0.999999881],"scale":1,"type":"debris_m_barrel_b"}
{"pos":[-27.4490547,-673.966431,-6.88890839],"rotationMatrix":[-0.894248664,0.447570175,0,-0.447570175,-0.894248664,0,0,0,0.999999881],"scale":1,"type":"debris_m_barrel_b"}
{"pos":[-20.9712639,-683.713928,-6.95009613],"rotationMatrix":[-0.979019344,0.203766972,0,-0.203766972,-0.979019344,0,0,0,0.999999881],"scale":1,"type":"debris_m_barrel_b"}
{"pos":[-18.6398067,-682.925354,-7.07027054],"rotationMatrix":[0.782901347,-0.622145772,0,0.622145772,0.782901347,0,0,0,0.999999881],"scale":1,"type":"debris_m_barrel_b"}
{"pos":[-12.8018589,-682.229492,-7.37091827],"rotationMatrix":[-0.801875889,-0.59749043,0,0.59749043,-0.801875889,0,0,0,0.999999881],"scale":1,"type":"debris_m_barrel_b"}
{"pos":[-17.7240677,-681.784912,-7.09273911],"rotationMatrix":[0.158259884,0.987397432,0,-0.987397432,0.158259884,0,0,0,0.999999881],"scale":1,"type":"debris_m_barrel_b"}
{"pos":[-6.51424456,-687.705811,-8.06102371],"rotationMatrix":[0.260006338,0.965606868,0,-0.965606868,0.260006338,0,0,0,0.999999881],"scale":1,"type":"debris_m_barrel_b"}
{"pos":[-4.70886993,-688.775391,-8.21738052],"rotationMatrix":[-0.868477046,-0.495729208,0,0.495729208,-0.868477046,0,0,0,0.999999881],"scale":1,"type":"debris_m_barrel_b"}
{"pos":[-2.68252182,-694.059021,-8.45516396],"rotationMatrix":[-0.0904047042,0.995904982,0,-0.995904982,-0.0904047042,0,0,0,0.999999881],"scale":1,"type":"debris_m_barrel_b"}
{"pos":[-4.83819628,-692.477173,-8.28569221],"rotationMatrix":[-0.993910968,0.110184923,0,-0.110184923,-0.993910968,0,0,0,0.999999881],"scale":1,"type":"debris_m_barrel_b"}
{"pos":[-12.7888584,-699.754211,-7.97800446],"rotationMatrix":[-0.999432921,0.0336691514,0,-0.0336691514,-0.999432921,0,0,0,0.999999881],"scale":1,"type":"debris_m_barrel_b"}
{"pos":[-12.3951588,-701.324524,-7.99671173],"rotationMatrix":[0.299893528,-0.953972578,0,0.953972578,0.299893528,0,0,0,0.999999881],"scale":1,"type":"debris_m_barrel_b"}
{"pos":[-8.1145134,-700.52832,-8.27522659],"rotationMatrix":[0.658266783,0.752784669,0,-0.752784669,0.658266783,0,0,0,0.999999881],"scale":1,"type":"debris_m_barrel_b"}
{"pos":[-30.6872005,-668.576843,-6.96956253],"rotationMatrix":[-0.861288011,-0.508117139,0,0.508117139,-0.861288011,0,0,0,0.999999881],"scale":1,"type":"debris_m_barrel_b"}
{"pos":[-18.1597004,-674.062439,-7.24386215],"rotationMatrix":[0.439194649,0.898391962,0,-0.898391962,0.439194649,0,0,0,0.999999881],"scale":1,"type":"debris_m_barrel_b"}
{"pos":[-35.0064621,-687.071106,-6.5776825],"rotationMatrix":[0.66448313,0.747303247,0,-0.747303247,0.66448313,0,0,0,0.999999881],"scale":1,"type":"debris_m_barrel_b"}
{"pos":[-36.9782715,-683.299866,-6.72206879],"rotationMatrix":[0.916586399,0.39983663,0,-0.39983663,0.916586399,0,0,0,0.999999881],"scale":1,"type":"debris_m_barrel_b"}
{"pos":[-40.8860626,-686.472656,-6.57767582],"rotationMatrix":[-0.833338916,-0.55276233,0,0.55276233,-0.833338916,0,0,0,0.999999881],"scale":1,"type":"debris_m_barrel_b"}
{"pos":[-45.4822426,-686.504883,-6.42384434],"rotationMatrix":[-0.964198172,0.265182406,0,-0.265182406,-0.964198172,0,0,0,0.999999881],"scale":1,"type":"debris_m_barrel_b"}
