{"pos":[-809.153687,157.523987,-31.556694],"rotationMatrix":[0.980707228,0.195482105,0,-0.195482105,0.980707228,0,0,0,0.999999881],"scale":1.21062791,"type":"eca_rock_big_wide"}
{"pos":[800.346069,60.6179008,-10.6130266],"rotationMatrix":[-0.165465534,-0.986215472,0,0.986215472,-0.165465534,0,0,0,0.999999881],"scale":1.11346996,"type":"eca_rock_big_wide"}
{"pos":[789.565918,51.9510193,-11.2817841],"rotationMatrix":[-0.0376915671,-0.999289334,0,0.999289334,-0.0376915671,0,0,0,0.999999881],"scale":1.28805757,"type":"eca_rock_big_wide"}
{"pos":[787.274841,47.903244,-10.9049187],"rotationMatrix":[-0.297799766,0.954628229,0,-0.954628229,-0.297799766,0,0,0,0.999999881],"scale":1.23787141,"type":"eca_rock_big_wide"}
{"pos":[784.332275,68.0089111,-6.98419285],"rotationMatrix":[0.932257235,0.361796051,0,-0.361796051,0.932257235,0,0,0,0.999999881],"scale":1.05129528,"type":"eca_rock_big_wide"}
{"pos":[745.334595,46.1692734,-4.1912694],"rotationMatrix":[-0.973502636,0.228675142,0,-0.228675142,-0.973502636,0,0,0,0.999999881],"scale":1.28937387,"type":"eca_rock_big_wide"}
{"pos":[723.431091,38.6353951,-1.7894305],"rotationMatrix":[-0.180545509,-0.983566582,0,0.983566582,-0.180545509,0,0,0,0.999999881],"scale":1.12456036,"type":"eca_rock_big_wide"}
{"pos":[725.404053,37.7573509,-2.3974123],"rotationMatrix":[0.844913483,-0.534902811,0,0.534902811,0.844913483,0,0,0,0.999999881],"scale":1.12051344,"type":"eca_rock_big_wide"}
{"pos":[727.190125,33.2653427,-2.96542835],"rotationMatrix":[-0.712322056,-0.70185262,0,0.70185262,-0.712322056,0,0,0,0.999999881],"scale":1.14534163,"type":"eca_rock_big_wide"}
{"pos":[766.082764,71.4148178,-3.69164276],"rotationMatrix":[-0.856180966,0.516675949,0,-0.516675949,-0.856180966,0,0,0,0.999999881],"scale":1.14893055,"type":"eca_rock_big_wide"}
{"pos":[652.483398,167.1931,-6.23510742],"rotationMatrix":[0.675372005,0.737477243,0,-0.737477243,0.675372005,0,0,0,0.999999881],"scale":1.11703277,"type":"eca_rock_big_wide"}
{"pos":[666.404114,204.766678,-1.38463032],"rotationMatrix":[-0.954946101,-0.296779364,0,0.296779364,-0.954946101,0,0,0,0.999999881],"scale":1.16899121,"type":"eca_rock_big_wide"}
{"pos":[666.781982,206.415909,-1.3004961],"rotationMatrix":[0.89335078,-0.449359804,0,0.449359804,0.89335078,0,0,0,0.999999881],"scale":1.03108811,"type":"eca_rock_big_wide"}
{"pos":[680.905518,211.745605,0.263977587],"rotationMatrix":[-0.489660561,0.871912956,0,-0.871912956,-0.489660561,0,0,0,0.999999881],"scale":1.11614788,"type":"eca_rock_big_wide"}
{"pos":[693.807495,199.758377,-1.07045043],"rotationMatrix":[-0.973017812,0.230729654,0,-0.230729654,-0.973017812,0,0,0,0.999999881],"scale":1.15351796,"type":"eca_rock_big_wide"}
{"pos":[659.849915,135.454254,-13.5973606],"rotationMatrix":[-0.177317545,0.984153569,0,-0.984153569,-0.177317545,0,0,0,0.999999881],"scale":1.16719723,"type":"eca_rock_big_wide"}
{"pos":[657.364685,135.070297,-13.7214603],"rotationMatrix":[-0.0435732305,0.999050081,0,-0.999050081,-0.0435732305,0,0,0,0.999999881],"scale":1.26099801,"type":"eca_rock_big_wide"}
{"pos":[687.0979,175.500824,-3.27329469],"rotationMatrix":[-8.5731223e-08,-0.195764884,0.980650783,-1.71143117e-08,0.980650783,0.195764884,-0.999999881,0,-8.74227695e-08],"scale":1.26990402,"type":"eca_rock_big_wide"}
{"pos":[684.024414,178.658295,-3.27329469],"rotationMatrix":[0.19123897,-0.0418514274,0.980650663,-0.957979083,0.209647164,0.195764855,-0.213783696,-0.976880848,-8.74227624e-08],"scale":1.26990402,"type":"eca_rock_big_wide"}
{"pos":[680.650757,175.500824,-3.27329469],"rotationMatrix":[-8.5731223e-08,-0.195764884,0.980650783,-1.71143117e-08,0.980650783,0.195764884,-0.999999881,0,-8.74227695e-08],"scale":1.26990402,"type":"eca_rock_big_wide"}
{"pos":[683.437622,175.68364,0.710049868],"rotationMatrix":[0.980650663,-0.195765287,0,0.195765287,0.980650663,0,0,0,0.999999881],"scale":1.26990402,"type":"eca_rock_big_wide"}
{"pos":[-367.781738,261.931671,-27.7150154],"rotationMatrix":[0.000855913386,-0.70806098,-0.706150472,0.999998987,0.00120881188,0,0.000853603298,-0.706149936,0.708061397],"scale":1.21449733,"type":"eca_rock_big_wide"}
{"pos":[-373.231415,261.893005,-27.9644966],"rotationMatrix":[-0.172405839,-0.686751127,-0.706150413,0.969903052,-0.243489847,0,-0.171940535,-0.684897661,0.708061337],"scale":1.21449733,"type":"eca_rock_big_wide"}
{"pos":[-378.726898,262.881683,-27.9644966],"rotationMatrix":[0.177819282,-0.684341073,-0.707146764,-0.967951477,0.0078645125,-0.251012087,0.17733936,0.729118943,-0.661010742],"scale":1.21449733,"type":"eca_rock_big_wide"}
{"pos":[-389.047668,264.682831,-27.9644966],"rotationMatrix":[0.177819282,-0.684341073,-0.707146764,-0.967951477,0.0078645125,-0.251012087,0.17733936,0.729118943,-0.661010742],"scale":1.21449733,"type":"eca_rock_big_wide"}
{"pos":[-383.541962,263.493408,-27.9644966],"rotationMatrix":[-0.172405839,-0.686751127,-0.706150413,0.969903052,-0.243489847,0,-0.171940535,-0.684897661,0.708061337],"scale":1.21449733,"type":"eca_rock_big_wide"}
{"pos":[-367.720795,256.797272,-31.8556137],"rotationMatrix":[0.000855913328,-0.82075578,-0.571278214,0.999998927,0.00119014131,-0.000211635721,0.00085360324,-0.571277559,0.820756018],"scale":1.21449733,"type":"eca_rock_big_wide"}
{"pos":[-373.177216,256.857941,-31.8664017],"rotationMatrix":[-0.172405824,-0.799775064,-0.575008988,0.969902992,-0.239729062,0.0426295847,-0.17194052,-0.550353527,0.817035198],"scale":1.21449733,"type":"eca_rock_big_wide"}
{"pos":[-383.487762,258.433624,-32.146595],"rotationMatrix":[-0.172405824,-0.799775064,-0.575008988,0.969902992,-0.239729062,0.0426295847,-0.17194052,-0.550353527,0.817035198],"scale":1.21449733,"type":"eca_rock_big_wide"}
{"pos":[-378.672699,257.831329,-32.0394974],"rotationMatrix":[0.177819267,-0.797576666,-0.576411843,-0.967951417,-0.0362035222,-0.248512,0.177339345,0.60212934,-0.778453469],"scale":1.21449733,"type":"eca_rock_big_wide"}
{"pos":[-388.993469,259.604675,-32.3548355],"rotationMatrix":[0.177819267,-0.797576666,-0.576411843,-0.967951417,-0.0362035222,-0.248512,0.177339345,0.60212934,-0.778453469],"scale":1.21449733,"type":"eca_rock_big_wide"}
{"pos":[-355.163483,260.413025,-26.6894474],"rotationMatrix":[0.464363188,0.517389059,0.718801081,-0.85496664,0.473646402,0.211401567,-0.23108077,-0.712718308,0.662294328],"scale":1.48879218,"type":"eca_rock_big_wide"}
{"pos":[-348.781494,257.992767,-26.6894474],"rotationMatrix":[0.276618749,0.564711273,0.777549088,-0.960957229,0.157064632,0.227796212,0.00651362492,-0.810204506,0.586110413],"scale":1.48879218,"type":"eca_rock_big_wide"}
{"pos":[-344.401306,257.287903,-26.6894455],"rotationMatrix":[0.215747505,0.69402945,0.686858952,0.967388928,-0.24752371,-0.0537561625,0.132705569,0.676057756,-0.724799395],"scale":1.48879218,"type":"eca_rock_big_wide"}
{"pos":[-328.505493,255.622406,-26.6894455],"rotationMatrix":[-0.0389020741,0.725748181,0.686858892,0.993111491,0.104109257,-0.0537561551,-0.110521846,0.680036604,-0.724799335],"scale":1.48879218,"type":"eca_rock_big_wide"}
{"pos":[-335.902496,256.031708,-27.0209999],"rotationMatrix":[0.0811898336,0.81537205,0.573214948,-0.99652642,0.0770784095,0.0315070748,-0.018492423,-0.573782563,0.818797946],"scale":1.48879218,"type":"eca_rock_big_wide"}
{"pos":[-321.544464,256.811493,-28.1495171],"rotationMatrix":[-0.548780441,0.608492553,0.573214889,-0.727292538,-0.685602784,0.0315070711,0.412170142,-0.399604917,0.818797827],"scale":1.48879218,"type":"eca_rock_big_wide"}
{"pos":[-393.868622,260.599457,-27.9644966],"rotationMatrix":[0.469186902,-0.530296445,-0.706150293,0.748941064,0.662635744,0,0.467920601,-0.528865278,0.708061218],"scale":1.21449733,"type":"eca_rock_big_wide"}
{"pos":[-390.643127,264.226501,-27.9644966],"rotationMatrix":[0.66509515,-0.239980504,-0.707146645,-0.553435028,-0.794166982,-0.251012027,-0.501354873,0.558307052,-0.661010623],"scale":1.21449733,"type":"eca_rock_big_wide"}
{"pos":[-405.324738,247.858414,-27.9644966],