{"pos":[55.3556404,-933.556946,-20.3938389],"rotationMatrix":[0.969456315,0.245264068,0,-0.245264068,0.969456315,0,0,0,1],"scale":1.25081682,"type":"eca_rock_big_narrow"}
{"pos":[-580.362671,-613.511963,-8.6138401],"rotationMatrix":[-0.456754535,-0.88959229,0,0.870167732,-0.446781129,-0.207831487,0.184885383,-0.0949280187,0.978164136],"scale":1.13103247,"type":"eca_rock_big_narrow"}
{"pos":[802.5672,63.1588478,-9.94248486],"rotationMatrix":[-0.908942938,0.416920543,0,-0.416920543,-0.908942938,0,0,0,0.999999881],"scale":1.01765859,"type":"eca_rock_big_narrow"}
{"pos":[791.268921,52.0410652,-11.1332788],"rotationMatrix":[0.961906254,0.273379266,0,-0.273379266,0.961906254,0,0,0,0.999999881],"scale":1.23666191,"type":"eca_rock_big_narrow"}
{"pos":[794.770752,56.0511475,-10.2248621],"rotationMatrix":[0.91132158,0.411695093,0,-0.411695093,0.91132158,0,0,0,0.999999881],"scale":1.04986453,"type":"eca_rock_big_narrow"}
{"pos":[781.891968,40.3288231,-9.93602562],"rotationMatrix":[0.758493781,0.651680291,0,-0.651680291,0.758493781,0,0,0,0.999999881],"scale":1.23101163,"type":"eca_rock_big_narrow"}
{"pos":[765.169128,43.9700546,-7.94283533],"rotationMatrix":[-0.870568573,0.492047071,0,-0.492047071,-0.870568573,0,0,0,0.999999881],"scale":1.20786643,"type":"eca_rock_big_narrow"}
{"pos":[762.007141,40.2486572,-8.38901329],"rotationMatrix":[0.265709817,0.964053035,0,-0.964053035,0.265709817,0,0,0,0.999999881],"scale":1.04037368,"type":"eca_rock_big_narrow"}
{"pos":[753.416077,50.9457016,-4.06710052],"rotationMatrix":[-0.243044525,-0.970015049,0,0.970015049,-0.243044525,0,0,0,0.999999881],"scale":1.04046917,"type":"eca_rock_big_narrow"}
{"pos":[751.641235,49.4007607,-4.15280628],"rotationMatrix":[0.786429465,0.617680073,0,-0.617680073,0.786429465,0,0,0,0.999999881],"scale":1.19198108,"type":"eca_rock_big_narrow"}
{"pos":[742.164734,70.0852814,-1.56723249],"rotationMatrix":[0.806369483,0.591412127,0,-0.591412127,0.806369483,0,0,0,0.999999881],"scale":1.00615251,"type":"eca_rock_big_narrow"}
{"pos":[775.164734,20.4291191,-11.830864],"rotationMatrix":[-0.634726644,0.77273649,0,-0.77273649,-0.634726644,0,0,0,0.999999881],"scale":1.02258027,"type":"eca_rock_big_narrow"}
{"pos":[780.646301,21.0631008,-12.7804289],"rotationMatrix":[0.596360147,0.80271697,0,-0.80271697,0.596360147,0,0,0,0.999999881],"scale":1.15500998,"type":"eca_rock_big_narrow"}
{"pos":[783.381897,21.9987106,-13.2293873],"rotationMatrix":[0.962671936,0.270670623,0,-0.270670623,0.962671936,0,0,0,0.999999881],"scale":1.24647856,"type":"eca_rock_big_narrow"}
{"pos":[799.548035,39.9377289,-13.7254715],"rotationMatrix":[-0.324715763,-0.945811629,0,0.945811629,-0.324715763,0,0,0,0.999999881],"scale":1.13803673,"type":"eca_rock_big_narrow"}
{"pos":[812.475891,55.7855721,-13.7936773],"rotationMatrix":[-0.88991493,-0.456126541,0,0.456126541,-0.88991493,0,0,0,0.999999881],"scale":1.01822591,"type":"eca_rock_big_narrow"}
{"pos":[820.2995,67.83004,-15.3481655],"rotationMatrix":[0.10699366,-0.994259655,0,0.994259655,0.10699366,0,0,0,0.999999881],"scale":1.01448035,"type":"eca_rock_big_narrow"}
{"pos":[815.4823,59.9352722,-14.5849771],"rotationMatrix":[-0.394301862,0.918980896,0,-0.918980896,-0.394301862,0,0,0,0.999999881],"scale":1.23132157,"type":"eca_rock_big_narrow"}
{"pos":[704.917114,175.37587,-0.862829685],"rotationMatrix":[-0.347444087,0.937392652,0.0240201689,-0.099632673,-0.062375579,0.993066967,0.93239218,0.342642188,0.115066983],"scale":1.08731878,"type":"eca_rock_big_narrow"}
{"pos":[666.276184,202.792572,-1.6085937],"rotationMatrix":[0.686657727,-0.726980746,0,0.726980746,0.686657727,0,0,0,0.999999881],"scale":1.24470329,"type":"eca_rock_big_narrow"}
{"pos":[686.278381,209.953125,0.607122004],"rotationMatrix":[0.734144092,-0.678993523,0,0.678993523,0.734144092,0,0,0,0.999999881],"scale":1.0787909,"type":"eca_rock_big_narrow"}
{"pos":[688.691223,207.326157,-0.22920382],"rotationMatrix":[-0.997595429,0.0693045035,0,-0.0693045035,-0.997595429,0,0,0,0.999999881],"scale":1.1936208,"type":"eca_rock_big_narrow"}
{"pos":[651.739685,-657.908386,-20.9664822],"rotationMatrix":[0.0623860806,0.147334725,0.987116694,-0.938409626,0.345436692,0.00774884224,-0.339844614,-0.92680341,0.159810722],"scale":1.04694891,"type":"eca_rock_big_narrow"}
{"pos":[646.475586,-656.746826,-19.7061691],"rotationMatrix":[0.0623860769,0.14733471,0.987116635,0.981871486,0.16830796,-0.0871759132,-0.178984135,0.974660635,-0.134163588],"scale":1.04694891,"type":"eca_rock_big_narrow"}
{"pos":[636.636963,-653.643799,-19.706171],"rotationMatrix":[0.152446151,0.0485767573,0.987116396,0.767031133,-0.63565886,-0.0871758983,0.623234689,0.770439506,-0.134163558],"scale":1.04694891,"type":"eca_rock_big_narrow"}
{"pos":[953.600159,-332.566132,-11.2692928],"rotationMatrix":[0.200335413,-0.0129318526,-0.979641736,-0.00259084976,-0.999916196,0.0126696602,-0.979723692,-7.71711299e-08,-0.200352192],"scale":2.00566053,"type":"eca_rock_big_narrow"}
{"pos":[953.600159,-324.938629,-11.2692928],"rotationMatrix":[0.200335413,-0.0129318526,-0.979641736,-0.00259084976,-0.999916196,0.0126696602,-0.979723692,-7.71711299e-08,-0.200352192],"scale":2.00566053,"type":"eca_rock_big_narrow"}
{"pos":[954.00354,-317.159332,-11.2692928],"rotationMatrix":[0.200335413,-0.0129318526,-0.979641736,-0.00259084976,-0.999916196,0.0126696602,-0.979723692,-7.71711299e-08,-0.200352192],"scale":2.00566053,"type":"eca_rock_big_narrow"}
{"pos":[954.00354,-309.171204,-11.2692928],"rotationMatrix":[-0.226849392,-0.0598363429,0.972089648,-0.0281083621,0.998097122,0.0548777692,-0.973523855,-0.0148748672,-0.228099674],"scale":2.00566053,"type":"eca_rock_big_narrow"}
{"pos":[954.00354,-300.677917,-11.2692928],"rotationMatrix":[0.200335413,-0.0129318526,-0.979641736,-0.00259084976,-0.999916196,0.0126696602,-0.979723692,-7.71711299e-08,-0.200352192],"scale":2.00566053,"type":"eca_rock_big_narrow"}
{"pos":[954.00354,-292.689789,-11.8014507],"rotationMatrix":[-0.226849377,0.0347144082,0.973310471,-0.0281083602,0.998714566,-0.0421716869,-0.973523796,-0.0369248018,-0.225582063],"scale":2.00566053,"type":"eca_rock_big_narrow"}
