{"pos":[280.701202,243.74675,-20.3206425],"rotationMatrix":[-0.868481338,0.495721668,0,-0.495721668,-0.868481338,0,0,0,0.999999881],"scale":0.750634909,"type":"eca_rock_small"}
{"pos":[280.477051,243.398071,-20.3257599],"rotationMatrix":[-0.885668099,0.464318871,0,-0.464318871,-0.885668099,0,0,0,0.999999881],"scale":0.9211604,"type":"eca_rock_small"}
{"pos":[281.158234,243.181503,-20.3512001],"rotationMatrix":[0.764114738,-0.645080268,0,0.645080268,0.764114738,0,0,0,0.999999881],"scale":0.710950017,"type":"eca_rock_small"}
{"pos":[280.521423,243.088745,-20.3617744],"rotationMatrix":[0.951297343,-0.308274567,0,0.308274567,0.951297343,0,0,0,0.999999881],"scale":0.970240474,"type":"eca_rock_small"}
{"pos":[280.828339,243.514526,-20.3382225],"rotationMatrix":[-0.111788094,-0.993731916,0,0.993731916,-0.111788094,0,0,0,0.999999881],"scale":1.10416329,"type":"eca_rock_small"}
{"pos":[-582.673523,-611.622864,-8.52994347],"rotationMatrix":[-0.145197108,0.989402592,0,-0.989402592,-0.145197108,0,0,0,0.999999881],"scale":1.02122712,"type":"eca_rock_small"}
{"pos":[-584.010376,-613.143616,-8.52242184],"rotationMatrix":[0.612401605,-0.790546656,0,0.790546656,0.612401605,0,0,0,0.999999881],"scale":0.771138549,"type":"eca_rock_small"}
{"pos":[724.390259,36.0201378,-1.60116947],"rotationMatrix":[-0.924000144,-0.38239181,0,0.38239181,-0.924000144,0,0,0,0.999999881],"scale":1.08143055,"type":"eca_rock_small"}
{"pos":[800.740967,42.1666031,-13.4103756],"rotationMatrix":[0.255580217,0.966787875,0,-0.966787875,0.255580217,0,0,0,0.999999881],"scale":0.779262483,"type":"eca_rock_small"}
{"pos":[663.369019,146.535706,-9.3096571],"rotationMatrix":[-0.668812215,0.743431091,0,-0.743431091,-0.668812215,0,0,0,0.999999881],"scale":0.700112462,"type":"eca_rock_small"}
{"pos":[662.804077,145.075043,-9.05958748],"rotationMatrix":[0.251625001,0.967824757,0,-0.967824757,0.251625001,0,0,0,0.999999881],"scale":0.720907569,"type":"eca_rock_small"}
{"pos":[656.149414,155.700333,-7.18407202],"rotationMatrix":[0.108339556,0.994113863,0,-0.994113863,0.108339556,0,0,0,0.999999881],"scale":0.980517209,"type":"eca_rock_small"}
{"pos":[652.573303,187.418793,-3.41175056],"rotationMatrix":[-0.284002602,0.958823383,0,-0.958823383,-0.284002602,0,0,0,0.999999881],"scale":1.28772461,"type":"eca_rock_small"}
{"pos":[674.546448,213.207306,0.370487511],"rotationMatrix":[-0.998212576,0.059761025,0,-0.059761025,-0.998212576,0,0,0,0.999999881],"scale":1.2541641,"type":"eca_rock_small"}
{"pos":[672.112305,210.667831,-0.184733182],"rotationMatrix":[0.0964035168,-0.995342195,0,0.995342195,0.0964035168,0,0,0,0.999999881],"scale":1.01291752,"type":"eca_rock_small"}
{"pos":[672.649536,215.817841,0.00726106018],"rotationMatrix":[0.406884462,0.913479626,0,-0.913479626,0.406884462,0,0,0,0.999999881],"scale":1.07757962,"type":"eca_rock_small"}
{"pos":[708.436829,201.778915,-4.41834259],"rotationMatrix":[-0.404914826,-0.914354384,0,0.914354384,-0.404914826,0,0,0,0.999999881],"scale":1.06112778,"type":"eca_rock_small"}
{"pos":[711.628479,203.649261,-4.36369801],"rotationMatrix":[-0.150671348,-0.988583863,0,0.988583863,-0.150671348,0,0,0,0.999999881],"scale":0.86943537,"type":"eca_rock_small"}
{"pos":[662.635803,139.728897,-9.46327877],"rotationMatrix":[0.162410676,-0.986723125,0,0.986723125,0.162410676,0,0,0,0.999999881],"scale":0.785461247,"type":"eca_rock_small"}
{"pos":[649.416321,144.663956,-10.1698437],"rotationMatrix":[0.201234251,-0.97954303,0,0.97954303,0.201234251,0,0,0,0.999999881],"scale":0.743729293,"type":"eca_rock_small"}
{"pos":[688.022766,205.325012,-0.258647084],"rotationMatrix":[-0.282316476,0.959321201,0,-0.959321201,-0.282316476,0,0,0,0.999999881],"scale":0.818854153,"type":"eca_rock_small"}
{"pos":[706.774597,194.725311,0.472357392],"rotationMatrix":[-0.904211819,-0.427084059,0,0.427084059,-0.904211819,0,0,0,0.999999881],"scale":1.11845064,"type":"eca_rock_small"}
{"pos":[713.184998,181.582428,-5.03684998],"rotationMatrix":[-0.400234759,0.916412532,0,-0.916412532,-0.400234759,0,0,0,0.999999881],"scale":1.02153003,"type":"eca_rock_small"}
{"pos":[704.487244,139.388214,-6.31683826],"rotationMatrix":[0.856817424,-0.515619695,0,0.515619695,0.856817424,0,0,0,0.999999881],"scale":1.13176417,"type":"eca_rock_small"}
{"pos":[705.484619,137.501923,-5.85639954],"rotationMatrix":[-0.277711391,0.960664451,0,-0.960664451,-0.277711391,0,0,0,0.999999881],"scale":0.999402761,"type":"eca_rock_small"}
{"pos":[667.590332,141.348419,-10.0272284],"rotationMatrix":[-0.245371088,-0.969429135,0,0.969429135,-0.245371088,0,0,0,0.999999881],"scale":0.908803344,"type":"eca_rock_small"}
{"pos":[650.309326,158.392715,-6.73343706],"rotationMatrix":[0.931631505,0.363404304,0,-0.363404304,0.931631505,0,0,0,0.999999881],"scale":1.01510561,"type":"eca_rock_small"}
{"pos":[658.777527,216.577545,-3.71079731],"rotationMatrix":[0.316461831,-0.94860512,0,0.94860512,0.316461831,0,0,0,0.999999881],"scale":0.76895237,"type":"eca_rock_small"}
{"pos":[656.053589,216.771606,-4.47844744],"rotationMatrix":[-0.724169552,-0.689621925,0,0.689621925,-0.724169552,0,0,0,0.999999881],"scale":0.85799402,"type":"eca_rock_small"}
{"pos":[675.457153,221.152847,-0.291141063],"rotationMatrix":[0.339119971,0.940743148,0,-0.940743148,0.339119971,0,0,0,0.999999881],"scale":0.876365185,"type":"eca_rock_small"}
{"pos":[724.096069,179.889038,0.767739892],"rotationMatrix":[0.330190659,0.943914235,0,-0.943914235,0.330190659,0,0,0,0.999999881],"scale":1.18957889,"type":"eca_rock_small"}
{"pos":[712.01001,172.960724,-5.63595295],"rotationMatrix":[-0.826790512,-0.562509894,0,0.562509894,-0.826790512,0,0,0,0.999999881],"scale":0.788471878,"type":"eca_rock_small"}
{"pos":[713.243103,178.38913,-5.40783072],"rotationMatrix":[-0.846683681,0.532096446,0,-0.532096446,-0.846683681,0,0,0,0.999999881],"scale":0.950989962,"type":"eca_rock_small"}
{"pos":[-407.839874,198.9702,-24.0669365],"rotationMatrix":[-0.997391582,-0.0721795782,0,0.0721795782,-0.997391582,0,0,0,0.999999881],"scale":0.789111853,"type":"eca_rock_small"}
{"pos":[-335.699463,240.733032,-33.3609238],"rotationMatrix":[-0.701866448,-0.712308586,0,0.712308586,-0.701866448,0,0,0,0.999999881],"scale":1.29248512,"type":"eca_rock_small"}
{"pos":[-424.21051,222.204865,-23.9563484],"rotationMatrix":[0.683750272,0.729716063,0,-0.729716063,0.683750272,0,0,0,0.999999881],"scale":0.974179566,"type":"eca_rock_small"}
{"pos":[-472.167542,230.448669,-26.8366127],"rotationMatrix":[-0.794311583,0.607510448,0,-0.607510448,-0.794311583,0,0,0,0.999999881],"scale":0.832630575,"type":"eca_rock_small"}
{"pos":[-497.257782,239.633377,-28.0429401],"rotationMatrix":[-0.0696393624,0.997572064,0,-0.997572064,-0.0696393624,0,0,0,0.999999881],"scale":0.945695579,"type":"eca_rock_small"}
{"pos":[-442.587158,233.579269,-36.0506096],"rotationMatrix":[0.27662909,-0.96097666,0,0.96097666,0.27662909,0,0,0,0.999999881],"scale":0.846893847,"type":"eca_rock_small"}
{"pos":[-443.706818,243.34436,-37.1437607],"rotationMatrix":[-0.644904196,-0.764263272,0,0.764263272,-0.644904196,0,0,0,0.999999881],"scale":0.878204048,"type":"eca_rock_small"}
{"pos":[-443.053345,250.160416,-38.0343704],"rotationMatrix":[0.987594903,0.157023013,0,-0.157023013,0.987594903,0,0,0,0.999999881],"scale":0.719595015,"type":"eca_rock_small"}
{"pos":[-463.229248,239.686554,-26.8918476],"rotationMatrix":[0.297265649,-0.954794705,0,0.954794705,0.297265649,0,0,0,0.999999881],"scale":1.26980793,"type":"eca_rock_small"}
{"pos":[647.940674,-658.916992,-21.6875515],"rotationMatrix":[0.672540069,-0.740060568,0,0.740060568,0.672540069,0,0,0,0.999999881],"scale":1.21053004,"type":"eca_rock_small"}
{"pos":[648.032593,-658.570679,-21.605299],"rotationMatrix":[-0.980600834,0.196014985,0,-0.196014985,-0.980600834,0,0,0,0.999999881],"scale":1.0618099,"type":"eca_rock_small"}
{"pos":[659.074951,-657.279907,-17.8391666],"rotationMatrix":[0.954059422,0.29961732,0,-0.29961732,0.954059422,0,0,0,0.999999881],"scale":1.16760993,"type":"eca_rock_small"}
{"pos":[630.887451,-637.934631,-19.860815],