{"pos":[501.403107,-820.512817,-20.190855],"rotationMatrix":[-0.983208358,-0.182485938,0,0.182485938,-0.983208358,0,0,0,0.999999881],"scale":1.20000005,"type":"garbage_littlebox"}
{"pos":[503.187256,-811.388,-22.7071667],"rotationMatrix":[0.971767485,-0.235940337,0,0.235940337,0.971767485,0,0,0,0.999999881],"scale":1.20000005,"type":"garbage_littlebox"}
