{"pos":[-204.457199,-934.044983,-19.0152092],"rotationMatrix":[-0.271963537,-0.962307513,0,0.962307513,-0.271963537,0,0,0,0.999999881],"scale":1.20000005,"type":"garbage_bin_a"}
