{"pos":[-769.14032,-333.452667,-13.5417252],"rotationMatrix":[0.507045627,-0.861919045,0,0.861919045,0.507045627,0,0,0,0.999999881],"scale":1.20000005,"type":"garbage_plasticbag_black"}
