{"pos":[-593.696716,623.329468,-20.5416946],"rotationMatrix":[0.0749363378,0.99718827,0,-0.99718827,0.0749363378,0,0,0,0.999999881],"scale":1.20000005,"type":"garbage_bin_b"}
