{"pos":[504.993866,-816.09967,-22.1872025],"rotationMatrix":[0.611041725,0.79159838,0,-0.79159838,0.611041725,0,0,0,0.999999881],"scale":1.20000005,"type":"garbage_bottle_b"}
{"pos":[500.80545,-821.081177,-20.0817413],"rotationMatrix":[0.191252708,-0.98154074,0,0.98154074,0.191252708,0,0,0,0.999999881],"scale":1.20000005,"type":"garbage_bottle_b"}
{"pos":[498.338562,-818.335266,-20.1539745],"rotationMatrix":[0.896014452,0.444024861,0,-0.444024861,0.896014452,0,0,0,0.999999881],"scale":1.20000005,"type":"garbage_bottle_b"}
