{"pos":[676.054688,299.165894,0.296604156],"rotationMatrix":[-0.896306217,0.443435639,0,-0.443435639,-0.896306217,0,0,0,1],"scale":0.906769395,"type":"lush_ferns_01_a"}
{"pos":[673.763611,292.336914,1.94496906],"rotationMatrix":[0.708410144,-0.70580101,0,0.70580101,0.708410144,0,0,0,1],"scale":0.96418345,"type":"lush_ferns_01_a"}
{"pos":[689.42218,295.027679,0.0232813358],"rotationMatrix":[0.62593621,-0.779874265,0,0.779874265,0.62593621,0,0,0,1],"scale":1.17244232,"type":"lush_ferns_01_a"}
{"pos":[667.924011,284.919128,3.39642334],"rotationMatrix":[-0.666641474,0.745378494,0,-0.745378494,-0.666641474,0,0,0,1],"scale":0.904616296,"type":"lush_ferns_01_a"}
{"pos":[672.638306,287.98941,2.85727692],"rotationMatrix":[0.962364197,-0.271763057,0,0.271763057,0.962364197,0,0,0,1],"scale":0.974459648,"type":"lush_ferns_01_a"}
{"pos":[669.51886,273.745789,4.30250978],"rotationMatrix":[-0.587959349,-0.808890462,0,0.808890462,-0.587959349,0,0,0,1],"scale":0.991903424,"type":"lush_ferns_01_a"}
{"pos":[668.18042,278.877594,4.03443861],"rotationMatrix":[0.55663532,0.830756962,0,-0.830756962,0.55663532,0,0,0,1],"scale":1.15700531,"type":"lush_ferns_01_a"}
{"pos":[656.94043,265.512299,4.26848936],"rotationMatrix":[0.858808637,-0.512296557,0,0.512296557,0.858808637,0,0,0,1],"scale":0.926960766,"type":"lush_ferns_01_a"}
