{"pos":[670.292725,296.932343,1.67411423],"rotationMatrix":[-0.429047078,0.903282106,0,-0.903282106,-0.429047078,0,0,0,1],"scale":0.954472065,"type":"lush_ferns_01_b"}
{"pos":[671.491272,285.437866,3.29964447],"rotationMatrix":[0.573147118,-0.819452524,0,0.819452524,0.573147118,0,0,0,1],"scale":1.18947005,"type":"lush_ferns_01_b"}
{"pos":[667.642944,285.752594,3.31616211],"rotationMatrix":[-0.573978603,0.818870306,0,-0.818870306,-0.573978603,0,0,0,1],"scale":1.15260291,"type":"lush_ferns_01_b"}
{"pos":[669.391052,291.895477,2.40710449],"rotationMatrix":[-0.99913764,-0.0415209681,0,0.0415209681,-0.99913764,0,0,0,1],"scale":1.14864564,"type":"lush_ferns_01_b"}
{"pos":[662.432495,273.510437,4.2999649],"rotationMatrix":[0.753867686,0.657026231,0,-0.657026231,0.753867686,0,0,0,1],"scale":0.982542992,"type":"lush_ferns_01_b"}
