{"pos":[649.859741,-637.852905,-18.8747559],"rotationMatrix":[0.344455242,-0.93880266,0,0.93880266,0.344455242,0,0,0,0.999999881],"scale":1.6705215,"type":"rock_01_a_small_a"}
{"pos":[647.181885,-637.973938,-18.9468575],"rotationMatrix":[0.0136740068,0.999906421,0,-0.999906421,0.0136740068,0,0,0,0.999999881],"scale":2.47052336,"type":"rock_01_a_small_a"}
