{"pos":[54.4842339,-932.043579,-19.3976841],"rotationMatrix":[0.985592246,-0.169138804,0,0.169138804,0.985592246,0,0,0,1],"scale":1.28873861,"type":"rock_01_a_large_c"}
{"pos":[321.027527,-925.244934,-21.9103775],"rotationMatrix":[0.635426283,-0.69718653,-0.331910014,0.739084363,0.673612595,0,0.223578781,-0.245309517,0.943310916],"scale":2.69206214,"type":"rock_01_a_large_c"}
{"pos":[322.018738,-929.194031,-22.8112621],"rotationMatrix":[0.63657552,-0.698447466,0.327020764,0.739084303,0.673612535,0,-0.220285371,0.241696015,0.945016921],"scale":2.69206214,"type":"rock_01_a_large_c"}
{"pos":[323.713989,-927.02771,-22.9987774],"rotationMatrix":[0.694151282,0.719829142,0,-0.719829142,0.694151282,0,0,0,0.999999881],"scale":1.00445974,"type":"rock_01_a_large_c"}
{"pos":[323.779999,-929.647034,-22.1586437],"rotationMatrix":[0.273498148,-0.961872458,0,0.961872458,0.273498148,0,0,0,0.999999881],"scale":1.12662458,"type":"rock_01_a_large_c"}
{"pos":[321.323853,-929.82312,-21.8039227],"rotationMatrix":[-0.999608636,-0.0279706288,0,0.0279706288,-0.999608636,0,0,0,0.999999881],"scale":1.09766912,"type":"rock_01_a_large_c"}
{"pos":[320.026093,-929.108398,-22.4002018],"rotationMatrix":[0.838281929,-0.545236945,0,0.545236945,0.838281929,0,0,0,0.999999881],"scale":1.02211392,"type":"rock_01_a_large_c"}
{"pos":[321.895905,-925.910461,-22.6485939],"rotationMatrix":[0.562667191,-0.826683342,0,0.826683342,0.562667191,0,0,0,0.999999881],"scale":1.08233488,"type":"rock_01_a_large_c"}
{"pos":[322.226227,-923.382446,-21.1568127],"rotationMatrix":[-0.671913564,0.740629494,0,-0.740629494,-0.671913564,0,0,0,0.999999881],"scale":1.2844882,"type":"rock_01_a_large_c"}
{"pos":[319.980255,-925.035583,-21.066431],"rotationMatrix":[0.504522026,0.86339885,0,-0.86339885,0.504522026,0,0,0,0.999999881],"scale":1.34911275,"type":"rock_01_a_large_c"}
{"pos":[317.365784,-926.912048,-22.197588],"rotationMatrix":[-0.682552516,0.730836332,0,-0.730836332,-0.682552516,0,0,0,0.999999881],"scale":1.37663937,"type":"rock_01_a_large_c"}
{"pos":[317.518005,-924.621338,-19.4745998],"rotationMatrix":[0.0697124824,0.997566998,0,-0.997566998,0.0697124824,0,0,0,0.999999881],"scale":1.07226241,"type":"rock_01_a_large_c"}
{"pos":[318.288544,-924.90625,-20.0474491],"rotationMatrix":[-0.922011316,-0.387162983,0,0.387162983,-0.922011316,0,0,0,0.999999881],"scale":1.07741332,"type":"rock_01_a_large_c"}
{"pos":[317.343048,-927.611694,-22.2281494],"rotationMatrix":[0.119893312,-0.992786705,0,0.992786705,0.119893312,0,0,0,0.999999881],"scale":1.00265455,"type":"rock_01_a_large_c"}
{"pos":[319.795654,-927.116577,-23.1230316],"rotationMatrix":[0.185119659,0.982715905,0,-0.982715905,0.185119659,0,0,0,0.999999881],"scale":1.39712512,"type":"rock_01_a_large_c"}
{"pos":[316.447113,-925.665283,-20.5068626],"rotationMatrix":[-0.794418156,-0.607370973,0,0.607370973,-0.794418156,0,0,0,0.999999881],"scale":1.38197136,"type":"rock_01_a_large_c"}
{"pos":[316.116455,-927.88562,-22.0859451],"rotationMatrix":[-0.186984017,-0.982362926,0,0.982362926,-0.186984017,0,0,0,0.999999881],"scale":1.06894255,"type":"rock_01_a_large_c"}
{"pos":[325.547516,-931.882751,-20.8527679],"rotationMatrix":[0.381167293,0.924506128,0,-0.924506128,0.381167293,0,0,0,0.999999881],"scale":1.39071703,"type":"rock_01_a_large_c"}
{"pos":[324.566376,-929.836426,-22.2647781],"rotationMatrix":[0.625443876,-0.780269086,0,0.780269086,0.625443876,0,0,0,0.999999881],"scale":1.47622919,"type":"rock_01_a_large_c"}
{"pos":[322.621124,-931.319519,-20.6359081],"rotationMatrix":[0.604246259,0.796797633,0,-0.796797633,0.604246259,0,0,0,0.999999881],"scale":1.04890156,"type":"rock_01_a_large_c"}
{"pos":[325.872284,-924.409302,-21.820116],"rotationMatrix":[0.780888736,-0.624670088,0,0.624670088,0.780888736,0,0,0,0.999999881],"scale":1.23121333,"type":"rock_01_a_large_c"}
{"pos":[327.174072,-925.393066,-22.0991554],"rotationMatrix":[0.659090221,0.75206387,0,-0.75206387,0.659090221,0,0,0,0.999999881],"scale":1.06669402,"type":"rock_01_a_large_c"}
{"pos":[321.216248,-927.453125,-20.7499828],"rotationMatrix":[-0.660699427,0.72491616,0.194865361,0.739084303,0.673612535,0,-0.131263748,0.144021928,-0.980829775],"scale":2.69206214,"type":"rock_01_a_large_c"}
{"pos":[321.555084,-929.364197,-20.7499828],"rotationMatrix":[0.0621927381,0.978856087,0.194865331,0.99798739,-0.0634082556,0,0.0123560652,0.194473177,-0.980829656],"scale":2.69206214,"type":"rock_01_a_large_c"}
