{"pos":[54.0365181,-931.125061,-19.1948376],"rotationMatrix":[0.252005577,0.967725754,0,-0.967725754,0.252005577,0,0,0,1],"scale":1.19429505,"type":"rock_01_a_small_b"}
{"pos":[54.8403664,-933.970398,-19.323185],"rotationMatrix":[-0.169269055,-0.985569894,0,0.985569894,-0.169269055,0,0,0,1],"scale":1.39603543,"type":"rock_01_a_small_b"}
{"pos":[53.6525955,-932.751953,-19.7944069],"rotationMatrix":[-0.0370690934,-0.999312699,0,0.999312699,-0.0370690934,0,0,0,1],"scale":1.18602562,"type":"rock_01_a_small_b"}
{"pos":[-71.4526062,-873.989685,-17.5623074],"rotationMatrix":[0.530054569,0.847963512,0,-0.847963512,0.530054569,0,0,0,0.999999881],"scale":1.42536426,"type":"rock_01_a_small_b"}
