{"pos":[-513.140564,749.734131,-20.8695583],"rotationMatrix":[0.936594903,0.350413859,0,-0.350413859,0.936594903,0,0,0,0.999999881],"scale":1.24399459,"type":"rock_01_a_large_b"}
{"pos":[-523.188477,756.933044,-20.7495975],"rotationMatrix":[-0.369499832,0.92923063,0,-0.92923063,-0.369499832,0,0,0,0.999999881],"scale":1.02314603,"type":"rock_01_a_large_b"}
{"pos":[-546.408691,810.096741,-20.8770905],"rotationMatrix":[-0.212255746,0.977214038,0,-0.977214038,-0.212255746,0,0,0,0.999999881],"scale":1.36747932,"type":"rock_01_a_large_b"}
{"pos":[-530.073364,806.371948,-20.8330975],"rotationMatrix":[0.996040702,-0.0888970271,0,0.0888970271,0.996040702,0,0,0,0.999999881],"scale":1.40670776,"type":"rock_01_a_large_b"}
{"pos":[-527.584534,824.44519,-20.8524609],"rotationMatrix":[0.675049484,0.737772465,0,-0.737772465,0.675049484,0,0,0,0.999999881],"scale":1.27528524,"type":"rock_01_a_large_b"}
{"pos":[-521.346313,832.628967,-20.8964672],"rotationMatrix":[-0.999958038,-0.00914409012,0,0.00914409012,-0.999958038,0,0,0,0.999999881],"scale":1.43069792,"type":"rock_01_a_large_b"}
{"pos":[-545.398865,818.87738,-20.8081322],"rotationMatrix":[0.345573723,0.938391626,0,-0.938391626,0.345573723,0,0,0,0.999999881],"scale":1.27405524,"type":"rock_01_a_large_b"}
{"pos":[-564.626648,808.498474,-20.8700752],"rotationMatrix":[0.667208254,0.744871199,0,-0.744871199,0.667208254,0,0,0,0.999999881],"scale":1.35935676,"type":"rock_01_a_large_b"}
{"pos":[-572.456238,795.079712,-20.9010124],"rotationMatrix":[0.108936816,0.994048655,0,-0.994048655,0.108936816,0,0,0,0.999999881],"scale":1.34213948,"type":"rock_01_a_large_b"}
{"pos":[-568.499695,792.180481,-20.8906765],"rotationMatrix":[-0.874163389,-0.485631734,0,0.485631734,-0.874163389,0,0,0,0.999999881],"scale":1.1702261,"type":"rock_01_a_large_b"}
{"pos":[-558.720886,799.927307,-20.8731499],"rotationMatrix":[-0.665335536,-0.74654448,0,0.74654448,-0.665335536,0,0,0,0.999999881],"scale":1.1847086,"type":"rock_01_a_large_b"}
{"pos":[-701.568054,502.479828,-20.9065113],"rotationMatrix":[0.998567283,0.0535087623,0,-0.0535087623,0.998567283,0,0,0,0.999999881],"scale":1.39631152,"type":"rock_01_a_large_b"}
{"pos":[-704.146484,502.001587,-20.8491707],"rotationMatrix":[0.961848915,0.273581058,0,-0.273581058,0.961848915,0,0,0,0.999999881],"scale":1.22414804,"type":"rock_01_a_large_b"}
{"pos":[-717.232056,496.770416,-20.8558006],"rotationMatrix":[0.852786064,0.522260249,0,-0.522260249,0.852786064,0,0,0,0.999999881],"scale":1.23423409,"type":"rock_01_a_large_b"}
{"pos":[-721.545654,490.570038,-20.8578014],"rotationMatrix":[-0.509206355,0.860644281,0,-0.860644281,-0.509206355,0,0,0,0.999999881],"scale":1.11310291,"type":"rock_01_a_large_b"}
{"pos":[-716.893005,492.031189,-20.942627],"rotationMatrix":[-0.693779171,0.720187724,0,-0.720187724,-0.693779171,0,0,0,0.999999881],"scale":1.39170825,"type":"rock_01_a_large_b"}
{"pos":[-716.651245,486.400635,-20.7999191],"rotationMatrix":[0.56655246,0.824025691,0,-0.824025691,0.56655246,0,0,0,0.999999881],"scale":1.16154647,"type":"rock_01_a_large_b"}
{"pos":[-721.961121,489.099731,-20.8384686],"rotationMatrix":[0.075861834,-0.997118294,0,0.997118294,0.075861834,0,0,0,0.999999881],"scale":1.13722277,"type":"rock_01_a_large_b"}
{"pos":[-715.638367,493.255493,-20.8835831],"rotationMatrix":[0.997167051,0.0752174854,0,-0.0752174854,0.997167051,0,0,0,0.999999881],"scale":1.1444633,"type":"rock_01_a_large_b"}
{"pos":[-718.805054,492.400726,-20.8549976],"rotationMatrix":[0.990779221,-0.135485515,0,0.135485515,0.990779221,0,0,0,0.999999881],"scale":1.36753404,"type":"rock_01_a_large_b"}
{"pos":[-719.752136,486.873383,-20.8397026],"rotationMatrix":[0.999363482,0.0356720686,0,-0.0356720686,0.999363482,0,0,0,0.999999881],"scale":1.25942659,"type":"rock_01_a_large_b"}
{"pos":[321.854431,-928.131226,-20.3328342],"rotationMatrix":[0.830764532,-0.556623876,0,0.556623876,0.830764532,0,0,0,0.999999881],"scale":2.58901238,"type":"rock_01_a_large_b"}
{"pos":[321.756897,-931.457642,-20.560957],"rotationMatrix":[-0.976175368,-0.216982543,0,0.216982543,-0.976175368,0,0,0,0.999999762],"scale":2.58901238,"type":"rock_01_a_large_b"}
{"pos":[318.92218,-924.635254,-20.4671974],"rotationMatrix":[0.358434886,-0.93355459,0,0.93355459,0.358434886,0,0,0,0.999999881],"scale":1.32917643,"type":"rock_01_a_large_b"}
{"pos":[319.907867,-926.400879,-22.4508038],"rotationMatrix":[-0.992072701,0.125664502,0,-0.125664502,-0.992072701,0,0,0,0.999999881],"scale":1.19242239,"type":"rock_01_a_large_b"}
{"pos":[318.564209,-928.458984,-22.688509],"rotationMatrix":[-0.861155212,-0.508342147,0,0.508342147,-0.861155212,0,0,0,0.999999881],"scale":1.32048726,"type":"rock_01_a_large_b"}
{"pos":[315.85199,-928.873169,-22.0799904],"rotationMatrix":[0.675841689,0.737046838,0,-0.737046838,0.675841689,0,0,0,0.999999881],"scale":1.42107093,"type":"rock_01_a_large_b"}
{"pos":[317.844147,-928.140503,-22.4748631],"rotationMatrix":[-0.621839881,-0.783144236,0,0.783144236,-0.621839881,0,0,0,0.999999881],"scale":1.08415818,"type":"rock_01_a_large_b"}
{"pos":[316.826447,-928.288879,-21.9884224],"rotationMatrix":[0.537018478,-0.843570411,0,0.843570411,0.537018478,0,0,0,0.999999881],"scale":1.05840254,"type":"rock_01_a_large_b"}
{"pos":[316.432159,-926.941956,-22.1162968],"rotationMatrix":[-0.999312758,-0.0370650291,0,0.0370650291,-0.999312758,0,0,0,0.999999881],"scale":1.18783808,"type":"rock_01_a_large_b"}
{"pos":[323.175232,-930.457092,-21.4175816],"rotationMatrix":[0.892628491,-0.450792879,0,0.450792879,0.892628491,0,0,0,0.999999881],"scale":1.14645982,"type":"rock_01_a_large_b"}
{"pos":[325.614716,-930.247192,-21.8386612],"rotationMatrix":[-0.657333851,0.753599465,0,-0.753599465,-0.657333851,0,0,0,0.999999881],"scale":1.28558016,"type":"rock_01_a_large_b"}
{"pos":[326.761566,-926.193909,-22.2590466],"rotationMatrix":[-0.997945786,0.0640626475,0,-0.0640626475,-0.997945786,0,0,0,0.999999881],"scale":1.43354034,"type":"rock_01_a_large_b"}
{"pos":[325.375916,-927.206665,-22.6061535],"rotationMatrix":[-0.931076705,-0.364823282,0,0.364823282,-0.931076705,0,0,0,0.999999881],"scale":1.09995031,"type":"rock_01_a_large_b"}
