{"pos":[319.313568,-922.723145,-20.6798363],"rotationMatrix":[0.41742149,-0.908712626,0,0.884630799,0.406359375,-0.228691697,0.207815111,0.0954608694,0.973498583],"scale":3.28234577,"type":"rock_01_a_large_a"}
{"pos":[318.733887,-931.387939,-20.6527538],"rotationMatrix":[-0.971383393,0.137151077,0.193914577,-0.0205690637,-0.861939847,0.506592214,0.236622542,0.488106847,0.84009558],"scale":3.28234577,"type":"rock_01_a_large_a"}
{"pos":[318.355133,-926.893982,-22.4872646],"rotationMatrix":[0.980094731,0.198530152,0,-0.198530152,0.980094731,0,0,0,0.999999881],"scale":1.00842619,"type":"rock_01_a_large_a"}
{"pos":[318.871857,-926.438965,-22.5659237],"rotationMatrix":[-0.78043133,0.62524116,0,-0.62524116,-0.78043133,0,0,0,0.999999881],"scale":1.2426641,"type":"rock_01_a_large_a"}
{"pos":[317.38327,-928.928467,-22.1667728],"rotationMatrix":[0.344682217,-0.938719332,0,0.938719332,0.344682217,0,0,0,0.999999881],"scale":1.24647665,"type":"rock_01_a_large_a"}
{"pos":[315.846283,-930.184143,-20.7340012],"rotationMatrix":[-0.755348742,-0.65532285,0,0.65532285,-0.755348742,0,0,0,0.999999881],"scale":1.40263474,"type":"rock_01_a_large_a"}
{"pos":[318.187744,-929.087402,-22.2618752],"rotationMatrix":[-0.738896787,-0.673818469,0,0.673818469,-0.738896787,0,0,0,0.999999881],"scale":1.21369863,"type":"rock_01_a_large_a"}
{"pos":[324.577148,-928.626282,-22.9205608],"rotationMatrix":[-0.281355739,-0.959603488,0,0.959603488,-0.281355739,0,0,0,0.999999881],"scale":1.4992435,"type":"rock_01_a_large_a"}
{"pos":[327.712708,-924.675232,-22.0985985],"rotationMatrix":[0.568175316,-0.822907388,0,0.822907388,0.568175316,0,0,0,0.999999881],"scale":1.3987062,"type":"rock_01_a_large_a"}
{"pos":[327.544128,-925.89679,-22.3086128],"rotationMatrix":[-0.205811948,-0.978591502,0,0.978591502,-0.205811948,0,0,0,0.999999881],"scale":1.30621958,"type":"rock_01_a_large_a"}
{"pos":[320.712738,-925.804504,-21.5355244],"rotationMatrix":[-0.971383393,0.137151077,0.193914577,-0.0205690637,-0.861939847,0.506592214,0.236622542,0.488106847,0.84009558],"scale":3.28234577,"type":"rock_01_a_large_a"}
