{"pos":[347.198273,270.10379,-17.4928436],"rotationMatrix":[-0.998488307,-0.0549633354,0,0.0549633354,-0.998488307,0,0,0,0.999999762],"scale":1,"type":"sawmill_logstack"}
{"pos":[347.315247,268.05069,-17.4928436],"rotationMatrix":[-0.998488307,-0.0549633354,0,0.0549633354,-0.998488307,0,0,0,0.999999762],"scale":1,"type":"sawmill_logstack"}
{"pos":[347.42804,265.848602,-17.4928436],"rotationMatrix":[-0.998488307,-0.0549633354,0,0.0549633354,-0.998488307,0,0,0,0.999999762],"scale":1,"type":"sawmill_logstack"}
{"pos":[347.5448,263.386566,-17.4928436],"rotationMatrix":[-0.998488307,-0.0549633354,0,0.0549633354,-0.998488307,0,0,0,0.999999762],"scale":1,"type":"sawmill_logstack"}
{"pos":[352.87738,268.187866,-17.4928436],"rotationMatrix":[-0.998488307,-0.0549633354,0,0.0549633354,-0.998488307,0,0,0,0.999999762],"scale":1,"type":"sawmill_logstack"}
{"pos":[352.745483,270.502899,-17.4928436],"rotationMatrix":[-0.998488307,-0.0549633354,0,0.0549633354,-0.998488307,0,0,0,0.999999762],"scale":1,"type":"sawmill_logstack"}
{"pos":[353.126404,263.884735,-17.4928436],"rotationMatrix":[-0.998488307,-0.0549633354,0,0.0549633354,-0.998488307,0,0,0,0.999999762],"scale":1,"type":"sawmill_logstack"}
{"pos":[302.860931,294.502472,-18.674345],"rotationMatrix":[0.0939593166,-0.995575845,0,0.995575845,0.0939593166,0,0,0,0.999999762],"scale":1,"type":"sawmill_logstack"}
{"pos":[305.482391,294.502472,-18.6733551],"rotationMatrix":[-0.0538626611,0.998548031,0,-0.998548031,-0.0538626611,0,0,0,0.999999642],"scale":1,"type":"sawmill_logstack"}
{"pos":[308.234009,293.600983,-18.6533966],"rotationMatrix":[-0.0538626611,0.998548031,0,-0.998548031,-0.0538626611,0,0,0,0.999999642],"scale":1,"type":"sawmill_logstack"}
{"pos":[305.482391,294.432587,-17.6055546],"rotationMatrix":[-0.0538626611,0.998548031,0,-0.998548031,-0.0538626611,0,0,0,0.999999642],"scale":1,"type":"sawmill_logstack"}
{"pos":[306.032837,289.84021,-17.6055546],"rotationMatrix":[0.0748518556,-0.997194231,0,0.997194231,0.0748518556,0,0,0,0.999999523],"scale":1,"type":"sawmill_logstack"}
{"pos":[306.034302,289.770325,-18.6733532],"rotationMatrix":[0.0748518556,-0.997194231,0,0.997194231,0.0748518556,0,0,0,0.999999523],"scale":1,"type":"sawmill_logstack"}
