{"pos":[224.680664,-895.835144,-17.4183884],"rotationMatrix":[0.987831712,0.155525535,0,-0.155525535,0.987831712,0,0,0,0.999999642],"scale":0.602881789,"type":"sawmill_log_short1"}
{"pos":[-6909.92188,-0.115833938,-5.09529992e-24],"rotationMatrix":[-0.346399248,0.932059348,5.88545355e-43,-2.86592661e-09,7.71137287e-09,4.30759148e-42,1.59916181e-41,-4.30296719e-41,0.999999762],"scale":1,"type":"sawmill_log_short1"}
{"pos":[224.680664,-896.169617,-17.4183884],"rotationMatrix":[0.987831712,0.155525535,0,-0.155525535,0.987831712,0,0,0,0.999999642],"scale":0.602881789,"type":"sawmill_log_short1"}
{"pos":[224.77655,-896.489868,-17.4183884],"rotationMatrix":[0.987831712,0.155525535,0,-0.155525535,0.987831712,0,0,0,0.999999642],"scale":0.602881789,"type":"sawmill_log_short1"}
{"pos":[224.77655,-896.315613,-17.1593132],"rotationMatrix":[0.987831712,0.155525535,0,-0.155525535,0.987831712,0,0,0,0.999999642],"scale":0.602881789,"type":"sawmill_log_short1"}
{"pos":[224.680664,-895.995361,-17.1593132],"rotationMatrix":[0.987831712,0.155525535,0,-0.155525535,0.987831712,0,0,0,0.999999642],"scale":0.602881789,"type":"sawmill_log_short1"}
{"pos":[224.680664,-896.16095,-16.9564018],"rotationMatrix":[0.987831712,0.155525535,0,-0.155525535,0.987831712,0,0,0,0.999999642],"scale":0.602881789,"type":"sawmill_log_short1"}
{"pos":[318.247284,287.953827,-18.434803],"rotationMatrix":[-0.0450249016,0.998985767,0,-0.998985767,-0.0450249016,0,0,0,0.999999762],"scale":1,"type":"sawmill_log_short1"}
