{"pos":[319.618683,305.481262,-20.6876106],"rotationMatrix":[-0.257882953,0.961853206,0.091296941,-0.966176271,-0.256728977,-0.0243681464,9.32712463e-10,-0.0944930688,0.99552542],"scale":1,"type":"sawmill_log_short2"}
{"pos":[322.813843,305.316345,-19.4823303],"rotationMatrix":[0.873390198,-0.487021089,0,0.487021089,0.873390198,0,0,0,1],"scale":1,"type":"sawmill_log_short2"}
{"pos":[322.716187,308.11795,-20.3188305],"rotationMatrix":[0.531700373,0.839735389,-0.110176019,-0.822267771,0.542995811,0.170385733,0.20290406,1.85183247e-09,0.979198396],"scale":1,"type":"sawmill_log_short2"}
{"pos":[306.468628,305.376648,-18.3800735],"rotationMatrix":[0.999574423,0.0257992819,0.0135814641,-0.0282270331,0.972961843,0.229232997,-0.00730020273,-0.229518875,0.973276317],"scale":1,"type":"sawmill_log_short2"}
{"pos":[306.584747,306.157623,-18.3800735],"rotationMatrix":[-0.999796033,-0.0149095729,0.0135814622,0.017627053,-0.973211467,0.229232967,0.00979987625,0.229425713,0.973276198],"scale":1,"type":"sawmill_log_short2"}
{"pos":[306.462433,306.936401,-18.3800735],"rotationMatrix":[0.999879181,0.00748647004,0.0135814622,-0.0104012638,0.973315597,0.229232967,-0.0115029085,-0.229346648,0.973276198],"scale":1,"type":"sawmill_log_short2"}
{"pos":[306.288757,307.626434,-18.3800735],"rotationMatrix":[-0.999900997,-0.00355347991,0.0135814641,0.00657273456,-0.973348975,0.229232997,0.0124049345,0.22929965,0.973276317],"scale":1,"type":"sawmill_log_short2"}
{"pos":[306.615326,305.87735,-18.1019154],"rotationMatrix":[0.999893665,0.00519235153,0.0135814622,-0.00816808268,0.973336756,0.229232967,-0.0120290844,-0.229319632,0.973276198],"scale":1,"type":"sawmill_log_short2"}
{"pos":[306.431763,308.126862,-18.1019154],"rotationMatrix":[-0.999530673,-0.0274375845,0.0135814622,0.0298217125,-0.972914159,0.229232967,0.0069240015,0.229530498,0.973276198],"scale":1,"type":"sawmill_log_short2"}
{"pos":[306.316925,307.345673,-18.1019154],"rotationMatrix":[0.999770105,0.0165482555,0.0135814603,-0.0192221589,0.973181129,0.229232937,-0.0094238231,-0.229441434,0.973276079],"scale":1,"type":"sawmill_log_short2"}
{"pos":[306.440521,306.567108,-18.0341682],"rotationMatrix":[-0.999865353,-0.0160216298,-0.00332183205,0.0119965496,-0.579756796,-0.814700544,0.011126983,-0.814631224,0.579871178],"scale":1,"type":"sawmill_log_short2"}
{"pos":[306.584747,307.714752,-17.8280048],"rotationMatrix":[-0.999796033,-0.0149095729,0.0135814622,0.017627053,-0.973211467,0.229232967,0.00979987625,0.229425713,0.973276198],"scale":1,"type":"sawmill_log_short2"}
{"pos":[306.468628,306.933777,-17.8280048],"rotationMatrix":[0.999574423,0.0257992819,0.0135814641,-0.0282270331,0.972961843,0.229232997,-0.00730020273,-0.229518875,0.973276317],"scale":1,"type":"sawmill_log_short2"}
{"pos":[306.462433,308.49353,-18.5580425],"rotationMatrix":[0.999879181,0.00748647004,0.0135814622,-0.0104012638,0.973315597,0.229232967,-0.0115029085,-0.229346648,0.973276198],"scale":1,"type":"sawmill_log_short2"}
{"pos":[306.288757,309.183563,-18.5580425],"rotationMatrix":[-0.999900997,-0.00355347991,0.0135814641,0.00657273456,-0.973348975,0.229232997,0.0124049345,0.22929965,0.973276317],"scale":1,"type":"sawmill_log_short2"}
{"pos":[306.431763,308.460663,-17.7686634],"rotationMatrix":[-0.999530673,-0.0274375845,0.0135814622,0.0298217125,-0.972914159,0.229232967,0.0069240015,0.229530498,0.973276198],"scale":1,"type":"sawmill_log_short2"}
{"pos":[306.431763,309.567627,-18.4220142],"rotationMatrix":[-0.999530673,-0.0274375845,0.0135814622,0.0298217125,-0.972914159,0.229232967,0.0069240015,0.229530498,0.973276198],"scale":1,"type":"sawmill_log_short2"}
{"pos":[306.288757,308.850037,-18.1969986],"rotationMatrix":[-0.999900937,-0.0136830602,0.0031396288,0.0065727341,-0.653902173,-0.756550074,0.0124049336,-0.756454825,0.653927565],"scale":1,"type":"sawmill_log_short2"}
{"pos":[306.468628,311.773132,-18.3800735],"rotationMatrix":[0.999574423,0.0257992819,0.0135814641,-0.0282270331,0.972961843,0.229232997,-0.00730020273,-0.229518875,0.973276317],"scale":1,"type":"sawmill_log_short2"}
{"pos":[306.584747,312.554108,-18.3800735],"rotationMatrix":[-0.999796033,-0.0149095729,0.0135814622,0.017627053,-0.973211467,0.229232967,0.00979987625,0.229425713,0.973276198],"scale":1,"type":"sawmill_log_short2"}
{"pos":[306.462433,313.332886,-18.3800735],"rotationMatrix":[0.999879181,0.00748647004,0.0135814622,-0.0104012638,0.973315597,0.229232967,-0.0115029085,-0.229346648,0.973276198],"scale":1,"type":"sawmill_log_short2"}
{"pos":[306.288757,314.022919,-18.3800735],"rotationMatrix":[-0.999900997,-0.00355347991,0.0135814641,0.00657273456,-0.973348975,0.229232997,0.0124049345,0.22929965,0.973276317],"scale":1,"type":"sawmill_log_short2"}
{"pos":[306.615326,312.273834,-18.1019154],"rotationMatrix":[0.999893665,0.00519235153,0.0135814622,-0.00816808268,0.973336756,0.229232967,-0.0120290844,-0.229319632,0.973276198],"scale":1,"type":"sawmill_log_short2"}
{"pos":[306.431763,314.523346,-18.1019154],"rotationMatrix":[-0.999530673,-0.0274375845,0.0135814622,0.0298217125,-0.972914159,0.229232967,0.0069240015,0.229530498,0.973276198],"scale":1,"type":"sawmill_log_short2"}
{"pos":[306.316925,313.742157,-18.1019154],"rotationMatrix":[0.999770105,0.0165482555,0.0135814603,-0.0192221589,0.973181129,0.229232937,-0.0094238231,-0.229441434,0.973276079],"scale":1,"type":"sawmill_log_short2"}
{"pos":[306.440521,312.963593,-18.0341682],"rotationMatrix":[-0.999865353,-0.0160216298,-0.00332183205,0.0119965496,-0.579756796,-0.814700544,0.011126983,-0.814631224,0.579871178],"scale":1,"type":"sawmill_log_short2"}
{"pos":[306.584747,314.111237,-17.8280048],"rotationMatrix":[-0.999796033,-0.0149095729,0.0135814622,0.017627053,-0.973211467,0.229232967,0.00979987625,0.229425713,0.973276198],"scale":1,"type":"sawmill_log_short2"}
{"pos":[306.468628,313.330261,-17.8280048],"rotationMatrix":[0.999574423,0.0257992819,0.0135814641,-0.0282270331,0.972961843,0.229232997,-0.00730020273,-0.229518875,0.973276317],"scale":1,"type":"sawmill_log_short2"}
{"pos":[306.462433,314.890015,-18.5580425],"rotationMatrix":[0.999879181,0.00748647004,0.0135814622,-0.0104012638,0.973315597,0.229232967,-0.0115029085,-0.229346648,0.973276198],"scale":1,"type":"sawmill_log_short2"}
{"pos":[306.288757,315.580048,-18.5580425],"rotationMatrix":[-0.999900997,-0.00355347991,0.0135814641,0.00657273456,-0.973348975,0.229232997,0.0124049345,0.22929965,0.973276317],"scale":1,"type":"sawmill_log_short2"}
{"pos":[306.431763,314.857147,-17.7686634],"rotationMatrix":[-0.999530673,-0.0274375845,0.0135814622,0.0298217125,-0.972914159,0.229232967,0.0069240015,0.229530498,0.973276198],"scale":1,"type":"sawmill_log_short2"}
{"pos":[306.431763,315.964111,-18.4220142],"rotationMatrix":[-0.999530673,-0.0274375845,0.0135814622,0.0298217125,-0.972914159,0.229232967,0.0069240015,0.229530498,0.973276198],"scale":1,"type":"sawmill_log_short2"}
{"pos":[306.288757,315.246521,-18.1969986],"rotationMatrix":[-0.999900937,-0.0136830602,0.0031396288,0.0065727341,-0.653902173,-0.756550074,0.0124049336,-0.756454825,0.653927565],"scale":1,"type":"sawmill_log_short2"}
{"pos":[306.584747,333.9263,-18.3800735],"rotationMatrix":[-0.999796033,-0.0149095729,0.0135814622,0.017627053,-0.973211467,0.229232967,0.00979987625,0.229425713,0.973276198],"scale":1,"type":"sawmill_log_short2"}
{"pos":[306.462433,334.705078,-18.3800735],"rotationMatrix":[0.999879181,0.00748647004,0.0135814622,-0.0104012638,0.973315597,0.229232967,-0.0115029085,-0.229346648,0.973276198],"scale":1,"type":"sawmill_log_short2"}
{"pos":[306.288757,335.395111,-18.3800735],"rotationMatrix":[-0.999900997,-0.00355347991,0.0135814641,0.00657273456,-0.973348975,0.229232997,0.0124049345,0.22929965,0.973276317],"scale":1,"type":"sawmill_log_short2"}
{"pos":[306.431763,335.895538,-18.1019154],"rotationMatrix":[-0.999530673,-0.0274375845,0.0135814622,0.0298217125,-0.972914159,0.229232967,0.0069240015,0.229530498,0.973276198],"scale":1,