{"pos":[332.438782,300.515472,-18.6665058],"rotationMatrix":[-0.0579868145,0.998317122,0,-0.998317122,-0.0579868145,0,0,0,0.999999642],"scale":1,"type":"sawmill_timberstack1"}
{"pos":[337.549011,288.254303,-18.37393],"rotationMatrix":[0.997045636,0.0767995343,0,-0.0767995343,0.997045636,0,0,0,0.999999523],"scale":1.20000005,"type":"sawmill_timberstack1"}
{"pos":[337.549011,286.519073,-18.37393],"rotationMatrix":[-0.998299062,-0.0582871251,0,0.0582871251,-0.998299062,0,0,0,0.999999642],"scale":1.20000005,"type":"sawmill_timberstack1"}
{"pos":[345.033569,290.347443,-18.3012753],"rotationMatrix":[-0.998299062,-0.0582871251,0,0.0582871251,-0.998299062,0,0,0,0.999999642],"scale":1.10000002,"type":"sawmill_timberstack1"}
{"pos":[345.033569,288.662964,-18.3012753],"rotationMatrix":[-0.998299062,-0.0582871251,0,0.0582871251,-0.998299062,0,0,0,0.999999642],"scale":1.10000002,"type":"sawmill_timberstack1"}
{"pos":[332.438782,300.515472,-17.3960114],"rotationMatrix":[-0.0579868145,0.998317122,0,-0.998317122,-0.0579868145,0,0,0,0.999999642],"scale":1,"type":"sawmill_timberstack1"}
{"pos":[337.549255,291.650177,-18.37393],"rotationMatrix":[0.998315871,0.0579978488,0,-0.0579978488,0.998315871,0,0,0,0.999999523],"scale":1.20000005,"type":"sawmill_timberstack1"}
{"pos":[337.316925,293.824677,-18.37393],"rotationMatrix":[-0.997067809,-0.0765106156,0,0.0765106156,-0.997067809,0,0,0,0.999999404],"scale":1.20000005,"type":"sawmill_timberstack1"}
