{"pos":[287.6315,303.357422,-19.4082088],"rotationMatrix":[0.775152683,0.631773949,0,-0.631773949,0.775152683,0,0,0,1],"scale":1,"type":"sawmill_log_long2"}
{"pos":[291.716248,288.32843,-20.2827835],"rotationMatrix":[-0.226775855,-0.973946989,0,0.973946989,-0.226775855,0,0,0,1],"scale":1,"type":"sawmill_log_long2"}
{"pos":[344.50116,282.062256,-20.1154785],"rotationMatrix":[0.95071131,0.310077488,0,-0.310077488,0.95071131,0,0,0,1],"scale":1,"type":"sawmill_log_long2"}
{"pos":[344.612305,277.745941,-20.4739761],"rotationMatrix":[0.638311803,0.769777894,0,-0.769777894,0.638311803,0,0,0,1],"scale":1,"type":"sawmill_log_long2"}
{"pos":[354.741669,320.815552,-23.1764755],"rotationMatrix":[0.997840226,0.0656878352,0,-0.0656878352,0.997840226,0,0,0,1],"scale":1,"type":"sawmill_log_long2"}
{"pos":[355.868744,326.009003,-22.3884296],"rotationMatrix":[-0.372269005,0.928124905,0,-0.928124905,-0.372269005,0,0,0,1],"scale":1,"type":"sawmill_log_long2"}
{"pos":[321.585693,309.662079,-17.5700912],"rotationMatrix":[-0.0300542079,0.999548078,0,-0.999548078,-0.0300542079,0,0,0,0.999999523],"scale":1,"type":"sawmill_log_long2"}
