{"pos":[289.878632,318.567505,-20.0702629],"rotationMatrix":[0.601488769,0.798881292,0,-0.798881292,0.601488769,0,0,0,1],"scale":1,"type":"sawmill_log_thick"}
{"pos":[286.959076,319.565186,-20.7530289],"rotationMatrix":[-0.998521268,0.0543622747,0,-0.0543622747,-0.998521268,0,0,0,1],"scale":1,"type":"sawmill_log_thick"}
{"pos":[321.619568,294.226715,-18.2251873],"rotationMatrix":[-0.0757314786,0.997128189,0,-0.997128189,-0.0757314786,0,0,0,0.999999881],"scale":1,"type":"sawmill_log_thick"}
{"pos":[320.497955,294.226715,-18.2590046],"rotationMatrix":[-0.0146677839,0.999610186,-0.0237482935,-0.193125248,-0.0261358395,-0.980825782,-0.9810642,-0.0098001454,0.193433315],"scale":1,"type":"sawmill_log_thick"}
{"pos":[319.4599,294.226715,-18.2590046],"rotationMatrix":[0.0238001775,0.999610126,-0.0145834433,0.981504619,-0.0261358377,-0.18964453,-0.189951748,-0.00980014447,-0.98174423],"scale":1,"type":"sawmill_log_thick"}
{"pos":[316.259613,294.321747,-18.2590046],"rotationMatrix":[0.112816773,0.993508458,-0.0145834414,0.975266814,-0.113529101,-0.189644501,-0.190069094,0.00717233494,-0.981744111],"scale":1,"type":"sawmill_log_thick"}
{"pos":[317.293549,294.229187,-18.2590046],"rotationMatrix":[0.0745019838,0.996937752,-0.0237482898,-0.194686234,-0.00881541334,-0.980825663,-0.978031695,0.0776969343,0.193433285],"scale":1,"type":"sawmill_log_thick"}
{"pos":[318.410706,294.129211,-18.2251873],"rotationMatrix":[0.0134601519,0.999909282,0,-0.999909282,0.0134601519,0,0,0,0.999999762],"scale":1,"type":"sawmill_log_thick"}
{"pos":[320.994904,294.19043,-17.5222759],"rotationMatrix":[0.0636939928,-0.997862399,-0.0145834377,-0.980030477,-0.0597841814,-0.189644441,0.188367292,0.0263714381,-0.981743872],"scale":1,"type":"sawmill_log_thick"}
{"pos":[319.960815,294.099701,-17.5222759],"rotationMatrix":[0.102014609,-0.994498968,-0.0237482823,0.190100297,0.042922046,-0.980825424,0.976449549,0.0955440104,0.193433225],"scale":1,"type":"sawmill_log_thick"}
{"pos":[318.843506,294.001648,-17.3623562],"rotationMatrix":[-0.00538824499,-0.999985039,0,0.999985039,-0.00538824499,0,0,0,0.999999404],"scale":1,"type":"sawmill_log_thick"}
{"pos":[317.260345,288.016968,-17.3623562],"rotationMatrix":[0.0872023925,0.996190071,0,-0.996190071,0.0872023925,0,0,0,0.999999285],"scale":1,"type":"sawmill_log_thick"}
{"pos":[316.627594,287.843109,-18.2590046],"rotationMatrix":[-0.105521888,-0.994309723,-0.0145834414,-0.976073802,0.10636808,-0.189644501,0.190116614,-0.00577713177,-0.981744111],"scale":1,"type":"sawmill_log_thick"}
{"pos":[315.593018,287.92804,-18.2590046],"rotationMatrix":[-0.0671829581,-0.997457743,-0.0237482898,0.194616273,0.0102440733,-0.980825663,0.978575647,-0.0705165863,0.193433285],"scale":1,"type":"sawmill_log_thick"}
{"pos":[314.475189,288.019836,-18.2251873],"rotationMatrix":[-0.00612095743,-0.999981165,0,0.999981165,-0.00612095743,0,0,0,0.999999762],"scale":1,"type":"sawmill_log_thick"}
{"pos":[315.100708,288.004883,-17.5222759],"rotationMatrix":[0.018178165,0.999727786,-0.0145834358,0.981635749,-0.0206156112,-0.189644411,-0.189893559,-0.010868242,-0.981743753],"scale":1,"type":"sawmill_log_thick"}
{"pos":[316.138763,288.010681,-17.5222759],"rotationMatrix":[-0.0202891678,0.9995116,-0.0237482786,-0.192975149,-0.0272215195,-0.980825305,-0.980993152,-0.0153173134,0.193433195],"scale":1,"type":"sawmill_log_thick"}
{"pos":[316.596161,294.321747,-17.4382095],"rotationMatrix":[0.112816773,0.993508458,-0.0145834414,0.975266814,-0.113529101,-0.189644501,-0.190069094,0.00717233494,-0.981744111],"scale":1,"type":"sawmill_log_thick"}
{"pos":[317.630096,294.229187,-17.4382095],"rotationMatrix":[0.0745019838,0.996937752,-0.0237482898,-0.194686234,-0.00881541334,-0.980825663,-0.978031695,0.0776969343,0.193433285],"scale":1,"type":"sawmill_log_thick"}
{"pos":[317.521881,287.91626,-18.2251873],"rotationMatrix":[0.0134601519,0.999909282,0,-0.999909282,0.0134601519,0,0,0,0.999999762],"scale":1,"type":"sawmill_log_thick"}
{"pos":[-424.385559,285.226593,-23.6669655],"rotationMatrix":[-0.26597926,-0.963978291,0,0.963978291,-0.26597926,0,0,0,0.999999642],"scale":0.475707471,"type":"sawmill_log_thick"}
{"pos":[-425.495728,287.329071,-23.6669655],"rotationMatrix":[0.997566342,0.0697137117,0,-0.0697137117,0.997566342,0,0,0,0.999999404],"scale":0.475707471,"type":"sawmill_log_thick"}
{"pos":[642.800171,-618.815918,-17.493351],"rotationMatrix":[0.319032252,-0.947743297,0,0.947743297,0.319032252,0,0,0,0.999999404],"scale":0.475707471,"type":"sawmill_log_thick"}
{"pos":[641.378967,-621.268066,-17.493351],"rotationMatrix":[-0.556102216,-0.83111316,0,0.83111316,-0.556102216,0,0,0,0.999999285],"scale":0.475707471,"type":"sawmill_log_thick"}
