{"pos":[305.562103,268.999664,-18.4403667],"rotationMatrix":[0.119881175,0.992787957,0,-0.669960141,0.0808990598,0.737975776,0.732653737,-0.0884694383,0.674826741],"scale":1.20000005,"type":"sawmill_log_long1"}
{"pos":[306.447815,268.866699,-18.4403667],"rotationMatrix":[0.119881183,0.992788017,0,-0.992788017,0.119881183,0,0,0,0.999999762],"scale":1.20000005,"type":"sawmill_log_long1"}
{"pos":[307.370178,268.728241,-18.4403667],"rotationMatrix":[0.119881183,0.992788017,0,-0.992788017,0.119881183,0,0,0,0.999999762],"scale":1.20000005,"type":"sawmill_log_long1"}
{"pos":[308.31427,268.586517,-18.4403667],"rotationMatrix":[0.119881183,0.992788017,0,-0.992788017,0.119881183,0,0,0,0.999999762],"scale":1.20000005,"type":"sawmill_log_long1"}
{"pos":[308.779785,268.516632,-18.1859932],"rotationMatrix":[0.119881175,0.992787957,0,-0.832061529,0.100473128,-0.545507431,-0.541573405,0.0653961003,0.838105679],"scale":1.20000005,"type":"sawmill_log_long1"}
{"pos":[307.862762,268.654297,-18.1859932],"rotationMatrix":[0.119881183,0.992788017,0,-0.992788017,0.119881183,0,0,0,0.999999762],"scale":1.20000005,"type":"sawmill_log_long1"}
{"pos":[306.839539,268.807892,-18.1859932],"rotationMatrix":[0.119881183,0.992788017,0,-0.992788017,0.119881183,0,0,0,0.999999762],"scale":1.20000005,"type":"sawmill_log_long1"}
{"pos":[306.030273,268.929382,-18.1859932],"rotationMatrix":[0.119881175,0.992787957,0,-0.623674929,0.0753100216,-0.778047144,-0.772436142,0.0932732373,0.628205299],"scale":1.20000005,"type":"sawmill_log_long1"}
{"pos":[309.307098,268.437469,-18.4403667],"rotationMatrix":[0.119881175,0.992787957,0,-0.505763173,0.061071936,0.860507607,0.85430187,-0.103158697,0.509437025],"scale":1.20000005,"type":"sawmill_log_long1"}
{"pos":[321.235291,311.041168,-17.9517689],"rotationMatrix":[-0.0123880804,0.999922991,0,-0.999922991,-0.0123880804,0,0,0,0.999999642],"scale":1.20000005,"type":"sawmill_log_long1"}
{"pos":[320.834595,309.50119,-17.5580349],"rotationMatrix":[0.0174186751,-0.999847949,0,0.999847949,0.0174186751,0,0,0,0.999999523],"scale":1,"type":"sawmill_log_long1"}
{"pos":[321.927307,311.041168,-17.9517689],"rotationMatrix":[0.0122151515,-0.999925077,0,0.999925077,0.0122151515,0,0,0,0.999999523],"scale":1.20000005,"type":"sawmill_log_long1"}
{"pos":[320.454254,311.041168,-17.9517689],"rotationMatrix":[-0.0123880804,0.999922991,0,-0.999922991,-0.0123880804,0,0,0,0.999999642],"scale":1.20000005,"type":"sawmill_log_long1"}
{"pos":[319.75415,311.041168,-17.9517689],"rotationMatrix":[0.0239188075,-0.99971348,0,0.99971348,0.0239188075,0,0,0,0.999999523],"scale":1.20000005,"type":"sawmill_log_long1"}
{"pos":[322.811981,311.041168,-17.9517689],"rotationMatrix":[0.0236462876,0.999719977,0,-0.999719977,0.0236462876,0,0,0,0.999999404],"scale":1.20000005,"type":"sawmill_log_long1"}
{"pos":[322.684845,311.041168,-17.6237755],"rotationMatrix":[-0.0379621275,0.99812752,-0.0479500219,-0.999278605,-0.0379184,0.00182159897,0,0.0479846038,0.998847246],"scale":1.20000005,"type":"sawmill_log_long1"}
{"pos":[319.965546,311.048126,-18.3443642],"rotationMatrix":[0.0518133938,-0.998656273,0,0.998656273,0.0518133938,0,0,0,0.999999166],"scale":1.20000005,"type":"sawmill_log_long1"}
{"pos":[320.85022,311.41629,-18.3443642],"rotationMatrix":[-0.00779047981,0.999969304,0,-0.999969304,-0.00779047981,0,0,0,0.999999404],"scale":1.20000005,"type":"sawmill_log_long1"}
{"pos":[321.542236,311.041168,-18.3443642],"rotationMatrix":[0.00718639372,-0.999967933,-0.00343099609,0.902397096,0.00796341524,-0.430830956,0.430844516,0,0.902425528],"scale":1.20000005,"type":"sawmill_log_long1"}
{"pos":[322.323273,311.35733,-18.3443642],"rotationMatrix":[0.00796341617,-0.999967992,0,0.999967992,0.00796341617,0,0,0,0.999999523],"scale":1.20000005,"type":"sawmill_log_long1"}
{"pos":[323.05368,311.269592,-18.3443642],"rotationMatrix":[-0.01571263,0.999809444,0.0115397871,-0.805830717,-0.0194949564,0.591824234,0.591936588,0,0.805983722],"scale":1.20000005,"type":"sawmill_log_long1"}
{"pos":[315.985779,311.048126,-18.3443642],"rotationMatrix":[-0.0280696992,-0.999605536,0,0.999605536,-0.0280696992,0,0,0,0.999999285],"scale":1.20000005,"type":"sawmill_log_long1"}
{"pos":[316.870453,311.04422,-18.3443642],"rotationMatrix":[-0.00779047981,0.999969304,0,-0.999969304,-0.00779047981,0,0,0,0.999999404],"scale":1.20000005,"type":"sawmill_log_long1"}
{"pos":[317.562469,311.041168,-18.3443642],"rotationMatrix":[0.00796341617,-0.999967992,0,0.999967992,0.00796341617,0,0,0,0.999999523],"scale":1.20000005,"type":"sawmill_log_long1"}
{"pos":[318.343506,311.03772,-18.3443642],"rotationMatrix":[0.00796341617,-0.999967992,0,0.999967992,0.00796341617,0,0,0,0.999999523],"scale":1.20000005,"type":"sawmill_log_long1"}
{"pos":[319.043579,311.034607,-18.3443642],"rotationMatrix":[-0.0194949582,0.999809504,0,-0.999809504,-0.0194949582,0,0,0,0.999999404],"scale":1.20000005,"type":"sawmill_log_long1"}
{"pos":[316.614594,311.03949,-17.952137],"rotationMatrix":[0.0238555092,-0.999714732,0,0.999714732,0.0238555092,0,0,0,0.999999166],"scale":1.20000005,"type":"sawmill_log_long1"}
{"pos":[317.314697,311.039459,-17.952137],"rotationMatrix":[-0.0123247709,0.999923587,0,-0.999923587,-0.0123247709,0,0,0,0.999999285],"scale":1.20000005,"type":"sawmill_log_long1"}
{"pos":[318.095734,311.039398,-17.952137],"rotationMatrix":[-0.010635918,0.999923527,-0.00622713566,-0.862904906,-0.01232477,-0.505215049,-0.505253255,0,0.862970173],"scale":1.20000005,"type":"sawmill_log_long1"}
{"pos":[318.78775,311.039368,-17.952137],"rotationMatrix":[0.0121518355,-0.999925613,0,0.999925613,0.0121518355,0,0,0,0.999999166],"scale":1.20000005,"type":"sawmill_log_long1"}
{"pos":[319.252045,311.039368,-17.6687431],"rotationMatrix":[0.00357933226,-0.999925554,-0.0116127292,0.294528842,0.0121518346,-0.955564737,0.955635011,0,0.294550478],"scale":1.20000005,"type":"sawmill_log_long1"}
{"pos":[323.548706,272.654053,-18.3443661],"rotationMatrix":[0.999376655,0.0352859907,0,-0.0352859907,0.999376655,0,0,0,0.999999166],"scale":1.20000005,"type":"sawmill_log_long1"}
{"pos":[323.517487,273.282135,-17.9521389],"rotationMatrix":[0.996197581,0.0871138945,0,-0.0871138945,0.996197581,0,0,0,0.999999046],"scale":1.20000005,"type":"sawmill_log_long1"}
{"pos":[323.496582,273.537201,-18.3443661],"rotationMatrix":[-0.997468889,-0.0710972324,0,0.0710972324,-0.997468889,0,0,0,0.999999285],"scale":1.20000005,"type":"sawmill_log_long1"}
{"pos":[323.455811,274.228027,-18.3443661],"rotationMatrix":[0.99745667,0.0712697357,0,-0.0712697357,0.99745667,0,0,0,0.999999404],"scale":1.20000005,"type":"sawmill_log_long1"}
{"pos":[323.070557,273.980835,-17.9521389],"rotationMatrix":[-0.997136176,-0.0756195337,0,0.0756195337,-0.997136176,0,0,0,0.999999166],"scale":1.20000005,"type":"sawmill_log_long1"}
{"pos":[323.423798,274.760315,-17.9521389],"rotationMatrix":[-0.997243047,-0.0739340633,-0.00622713473,0.0669429079,-0.860392511,-0.505214989,0.0319948234,-0.504239142,0.862970054],"scale":1.20000005,"type":"sawmill_log_long1"}
{"pos":[323.40979,275.00769,-18.3443661],"rotationMatrix":[0.99745667,0.0712697357,0,-0.0712697357,0.99745667,0,0,0,0.999999404],"scale":1.20000005,"type":"sawmill_log_long1"}
{"pos":[323.368561,275.706573,-18.3443661],"rotationMatrix":[-0.996568203,-0.0827680975,0,0.0827680975,-0.996568203,0,0,0,0.999999285],"scale":1.20000005,"type":"sawmill_log_long1"}
{"pos":[322.977356,275.450958,-17.9521389],"rotationMatrix":[0.997149169,0.0754470676,0,-0.0754470676,0.997149169,0,0,0,0.999999046],"scale":1.20000005,"type":"sawmill_log_long1"}
{"pos":[323.350616,275.914307,-17.668745],"rotationMatrix":[0.997691929,0.0668917671,-0.0116127282,-0.030778287,0.293168187,-0.955564618,-0.0605149493,0.953716934,0.294550449],"scale":1.20000005,"type":"sawmill_log_long1"}
{"pos":[323.296692,276.625824,-18.3443661],"rotationMatrix":[0.993370771,0.114948638,0,-0.114948638,0.993370771,0,0,0,0.999999046],"scale":1.20000005,"type":"sawmill_log_long1"}
{"pos":[323.548706,268.521057,-18.3443661],