{"pos":[623.55127,-816.432617,-23.4454937],"rotationMatrix":[0.0888093188,0.99604851,0,-0.99604851,0.0888093188,0,0,0,0.999999881],"scale":0.764695108,"type":"tall_plant_bush"}
{"pos":[627.857422,-819.228027,-24.2681808],"rotationMatrix":[-0.758651674,0.651496172,0,-0.651496172,-0.758651674,0,0,0,0.999999881],"scale":0.780424297,"type":"tall_plant_bush"}
{"pos":[627.208923,-815.381714,-23.9842682],"rotationMatrix":[0.833287776,0.552839518,0,-0.552839518,0.833287776,0,0,0,0.999999881],"scale":0.756226957,"type":"tall_plant_bush"}
{"pos":[624.817261,-818.264954,-23.2592373],"rotationMatrix":[-0.686164916,0.727445781,0,-0.727445781,-0.686164916,0,0,0,0.999999881],"scale":0.780438304,"type":"tall_plant_bush"}
{"pos":[652.464661,-787.699219,-22.6141491],"rotationMatrix":[-0.817526042,0.575891495,0,-0.575891495,-0.817526042,0,0,0,0.999999881],"scale":0.770969391,"type":"tall_plant_bush"}
{"pos":[646.934021,-793.841125,-22.8953381],"rotationMatrix":[-0.999896109,-0.0144060943,0,0.0144060943,-0.999896109,0,0,0,0.999999881],"scale":0.718501031,"type":"tall_plant_bush"}
{"pos":[617.828125,-793.036621,-24.0002155],"rotationMatrix":[-0.763508976,0.645796955,0,-0.645796955,-0.763508976,0,0,0,0.999999881],"scale":0.757265329,"type":"tall_plant_bush"}
{"pos":[612.192993,-799.807068,-23.1675224],"rotationMatrix":[0.106713466,-0.994289815,0,0.994289815,0.106713466,0,0,0,0.999999881],"scale":0.719264746,"type":"tall_plant_bush"}
{"pos":[637.170776,-827.046326,-23.6178989],"rotationMatrix":[-0.972127736,0.234451547,0,-0.234451547,-0.972127736,0,0,0,0.999999881],"scale":0.739189506,"type":"tall_plant_bush"}
{"pos":[693.747192,-761.685181,-23.5847054],"rotationMatrix":[0.226743922,0.97395438,0,-0.97395438,0.226743922,0,0,0,0.999999881],"scale":0.75117743,"type":"tall_plant_bush"}
{"pos":[689.725159,-760.201721,-23.0861855],"rotationMatrix":[0.176227182,0.984349489,0,-0.984349489,0.176227182,0,0,0,0.999999881],"scale":0.701936007,"type":"tall_plant_bush"}
{"pos":[689.884033,-762.425232,-23.84795],"rotationMatrix":[0.785886884,0.618370235,0,-0.618370235,0.785886884,0,0,0,0.999999881],"scale":0.703176975,"type":"tall_plant_bush"}
{"pos":[702.562134,-758.370422,-22.5762634],"rotationMatrix":[0.970855057,-0.239667058,0,0.239667058,0.970855057,0,0,0,0.999999881],"scale":0.714450061,"type":"tall_plant_bush"}
{"pos":[701.626526,-759.057922,-22.7063713],"rotationMatrix":[0.867367566,-0.497667998,0,0.497667998,0.867367566,0,0,0,0.999999881],"scale":0.749880373,"type":"tall_plant_bush"}
{"pos":[704.91748,-763.245239,-22.661932],"rotationMatrix":[0.171324715,-0.985214531,0,0.985214531,0.171324715,0,0,0,0.999999881],"scale":0.754281282,"type":"tall_plant_bush"}
{"pos":[704.114746,-762.749023,-22.8835201],"rotationMatrix":[0.359206021,-0.933258235,0,0.933258235,0.359206021,0,0,0,0.999999881],"scale":0.716115236,"type":"tall_plant_bush"}
{"pos":[703.845337,-768.936768,-23.6452827],"rotationMatrix":[0.753980517,0.65689677,0,-0.65689677,0.753980517,0,0,0,0.999999881],"scale":0.708572984,"type":"tall_plant_bush"}
{"pos":[704.261658,-767.749084,-23.3341732],"rotationMatrix":[0.747089565,0.664723337,0,-0.664723337,0.747089565,0,0,0,0.999999881],"scale":0.797419786,"type":"tall_plant_bush"}
{"pos":[698.369324,-760.412354,-23.30933],"rotationMatrix":[0.974937618,0.222478062,0,-0.222478062,0.974937618,0,0,0,0.999999881],"scale":0.74572897,"type":"tall_plant_bush"}
{"pos":[699.381897,-762.745056,-23.369215],"rotationMatrix":[0.382153243,0.924098969,0,-0.924098969,0.382153243,0,0,0,0.999999881],"scale":0.753133893,"type":"tall_plant_bush"}
{"pos":[682.54364,-763.653503,-22.9382114],"rotationMatrix":[0.601460636,0.798902452,0,-0.798902452,0.601460636,0,0,0,0.999999881],"scale":0.744617462,"type":"tall_plant_bush"}
{"pos":[684.145508,-765.010925,-23.9114704],"rotationMatrix":[0.421513826,0.906821966,0,-0.906821966,0.421513826,0,0,0,0.999999881],"scale":0.764650583,"type":"tall_plant_bush"}
{"pos":[678.262939,-765.871338,-22.1170616],"rotationMatrix":[-0.774749219,0.632268488,0,-0.632268488,-0.774749219,0,0,0,0.999999881],"scale":0.791054368,"type":"tall_plant_bush"}
{"pos":[679.507812,-766.413452,-22.4858952],"rotationMatrix":[-0.932001889,0.362453014,0,-0.362453014,-0.932001889,0,0,0,0.999999881],"scale":0.725150943,"type":"tall_plant_bush"}
{"pos":[672.214172,-769.763306,-20.798893],"rotationMatrix":[-0.700909317,-0.71325022,0,0.71325022,-0.700909317,0,0,0,0.999999881],"scale":0.768789649,"type":"tall_plant_bush"}
{"pos":[672.843872,-770.42804,-21.632185],"rotationMatrix":[0.893486679,0.449089646,0,-0.449089646,0.893486679,0,0,0,0.999999881],"scale":0.794738472,"type":"tall_plant_bush"}
{"pos":[660.521851,-784.600159,-24.8502216],"rotationMatrix":[0.888808846,-0.458277941,0,0.458277941,0.888808846,0,0,0,0.999999881],"scale":0.795237541,"type":"tall_plant_bush"}
{"pos":[658.866333,-784.789734,-24.2971153],"rotationMatrix":[0.939403713,-0.342812449,0,0.342812449,0.939403713,0,0,0,0.999999881],"scale":0.764709949,"type":"tall_plant_bush"}
{"pos":[656.871887,-788.263306,-25.1561642],"rotationMatrix":[-0.395395786,0.918510735,0,-0.918510735,-0.395395786,0,0,0,0.999999881],"scale":0.73344171,"type":"tall_plant_bush"}
{"pos":[653.378845,-787.480957,-22.7884407],"rotationMatrix":[-0.986980915,-0.160837099,0,0.160837099,-0.986980915,0,0,0,0.999999881],"scale":0.706792235,"type":"tall_plant_bush"}
{"pos":[657.002014,-784.416321,-22.6120529],"rotationMatrix":[-0.72134608,0.692574739,0,-0.692574739,-0.72134608,0,0,0,0.999999881],"scale":0.712478876,"type":"tall_plant_bush"}
{"pos":[656.878113,-786.784058,-24.1787567],"rotationMatrix":[-0.31562236,-0.948884904,0,0.948884904,-0.31562236,0,0,0,0.999999881],"scale":0.785079241,"type":"tall_plant_bush"}
{"pos":[623.172791,-823.628601,-22.4228611],"rotationMatrix":[0.76399368,0.645223737,0,-0.645223737,0.76399368,0,0,0,0.999999881],"scale":0.716738939,"type":"tall_plant_bush"}
{"pos":[623.803589,-822.62323,-22.9354668],"rotationMatrix":[0.795391083,0.606096566,0,-0.606096566,0.795391083,0,0,0,0.999999881],"scale":0.733533025,"type":"tall_plant_bush"}
