{"pos":[301.63266,256.104462,-19.4223671],"rotationMatrix":[0.811835647,-0.583886027,0,0.583886027,0.811835647,0,0,0,1],"scale":0.916462302,"type":"tree_oak_dead_b"}
{"pos":[309.37439,217.004608,-20.7993717],"rotationMatrix":[-0.542413294,0.840111792,0,-0.840111792,-0.542413294,0,0,0,1],"scale":0.927968144,"type":"tree_oak_dead_b"}
{"pos":[317.449402,209.885132,-20.494503],"rotationMatrix":[0.481084734,0.876674116,0,-0.876674116,0.481084734,0,0,0,1],"scale":0.964144111,"type":"tree_oak_dead_b"}
{"pos":[319.303986,205.960114,-20.4842243],"rotationMatrix":[0.491002321,-0.871158242,0,0.871158242,0.491002321,0,0,0,1],"scale":1.05701041,"type":"tree_oak_dead_b"}
{"pos":[329.84021,185.439606,-20.7435169],"rotationMatrix":[0.510365307,-0.859957695,0,0.859957695,0.510365307,0,0,0,1],"scale":1.11439753,"type":"tree_oak_dead_b"}
{"pos":[168.858063,461.500519,-24.0416145],"rotationMatrix":[-0.999356925,-0.0358575322,0,0.0358575322,-0.999356925,0,0,0,1],"scale":1.07609165,"type":"tree_oak_dead_b"}
{"pos":[182.332779,464.086853,-24.6626606],"rotationMatrix":[-0.0805591121,0.996749818,0,-0.996749818,-0.0805591121,0,0,0,1],"scale":0.898334742,"type":"tree_oak_dead_b"}
{"pos":[149.851471,552.428894,-29.2365875],"rotationMatrix":[-0.401040077,-0.916060507,0,0.916060507,-0.401040077,0,0,0,1],"scale":0.844095886,"type":"tree_oak_dead_b"}
{"pos":[149.592773,373.946716,-17.0263386],"rotationMatrix":[-0.940521181,0.339735061,0,-0.339735061,-0.940521181,0,0,0,1],"scale":1.06155074,"type":"tree_oak_dead_b"}
{"pos":[136.574539,259.579681,-12.730278],"rotationMatrix":[0.644022048,0.7650069,0,-0.7650069,0.644022048,0,0,0,1],"scale":1.05282128,"type":"tree_oak_dead_b"}
{"pos":[161.397491,186.546097,-19.9310684],"rotationMatrix":[0.0368144885,0.999322116,0,-0.999322116,0.0368144885,0,0,0,1],"scale":0.914462447,"type":"tree_oak_dead_b"}
{"pos":[749.21582,540.202332,-19.8306141],"rotationMatrix":[-0.453758597,-0.891124666,0,0.891124666,-0.453758597,0,0,0,1],"scale":1.0246551,"type":"tree_oak_dead_b"}
{"pos":[762.859009,560.989441,-20.2995338],"rotationMatrix":[0.244025156,0.969768882,0,-0.969768882,0.244025156,0,0,0,1],"scale":0.883702636,"type":"tree_oak_dead_b"}
{"pos":[754.430542,541.826538,-19.8607559],"rotationMatrix":[-0.999978542,0.00655392883,0,-0.00655392883,-0.999978542,0,0,0,1],"scale":0.830730736,"type":"tree_oak_dead_b"}
{"pos":[763.598938,523.938171,-18.5473061],"rotationMatrix":[0.818805814,0.574070573,0,-0.574070573,0.818805814,0,0,0,1],"scale":0.98448056,"type":"tree_oak_dead_b"}
{"pos":[771.962036,549.966858,-19.623188],"rotationMatrix":[-0.263267756,-0.964722812,0,0.964722812,-0.263267756,0,0,0,1],"scale":0.883755386,"type":"tree_oak_dead_b"}
{"pos":[738.750732,464.964935,-18.9558525],"rotationMatrix":[-0.200851545,0.979621708,0,-0.979621708,-0.200851545,0,0,0,1],"scale":0.961595237,"type":"tree_oak_dead_b"}
{"pos":[736.773682,438.420746,-16.7139702],"rotationMatrix":[-0.929008603,-0.370058149,0,0.370058149,-0.929008603,0,0,0,1],"scale":0.874768734,"type":"tree_oak_dead_b"}
{"pos":[730.537109,405.364441,-15.4720097],"rotationMatrix":[0.167698979,-0.985838234,0,0.985838234,0.167698979,0,0,0,1],"scale":1.1346432,"type":"tree_oak_dead_b"}
{"pos":[727.71875,361.947357,-9.61978912],"rotationMatrix":[0.00679447595,-0.999976933,0,0.999976933,0.00679447595,0,0,0,1],"scale":0.962076187,"type":"tree_oak_dead_b"}
{"pos":[729.368408,322.63916,-8.88699055],"rotationMatrix":[0.696687877,-0.717374384,0,0.717374384,0.696687877,0,0,0,1],"scale":1.14611506,"type":"tree_oak_dead_b"}
{"pos":[670.546021,250.909363,3.30455399],"rotationMatrix":[0.999999702,0.000800911512,0,-0.000800911512,0.999999702,0,0,0,1],"scale":0.946787298,"type":"tree_oak_dead_b"}
{"pos":[568.496887,113.638824,-16.2264404],"rotationMatrix":[0.394002259,-0.919109464,0,0.919109464,0.394002259,0,0,0,1],"scale":0.843521893,"type":"tree_oak_dead_b"}
{"pos":[562.065857,107.086823,-16.4143562],"rotationMatrix":[0.727751791,0.685840607,0,-0.685840607,0.727751791,0,0,0,1],"scale":1.08550727,"type":"tree_oak_dead_b"}
{"pos":[620.683472,64.3400726,-8.4562912],"rotationMatrix":[-0.949023902,0.315204054,0,-0.315204054,-0.949023902,0,0,0,1],"scale":0.99401623,"type":"tree_oak_dead_b"}
{"pos":[648.879028,43.973732,-0.987632036],"rotationMatrix":[0.992931843,-0.118685737,0,0.118685737,0.992931843,0,0,0,1],"scale":0.837583065,"type":"tree_oak_dead_b"}
{"pos":[-57.0468254,-555.992737,-18.4393864],"rotationMatrix":[0.372699767,-0.927951992,0,0.927951992,0.372699767,0,0,0,1],"scale":1.01868033,"type":"tree_oak_dead_b"}
{"pos":[-164.787445,-599.50061,-16.6458626],"rotationMatrix":[-0.692340553,-0.721570849,0,0.721570849,-0.692340553,0,0,0,1],"scale":1.04409289,"type":"tree_oak_dead_b"}
{"pos":[-277.826111,-353.174316,-15.0557661],"rotationMatrix":[0.327182204,0.373418719,-0.868049562,-0.131702989,0.92766279,0.349422187,0.935738027,0,0.352695078],"scale":1.13240016,"type":"tree_oak_dead_b"}
{"pos":[709.762817,314.851105,-6.10577011],"rotationMatrix":[0.356606632,-0.905640244,0.229448512,0.807281315,0.175086722,-0.563596249,0.470242262,0.386211902,0.793543577],"scale":1.80480003,"type":"tree_oak_dead_b"}
