{"pos":[309.252686,226.462601,-20.9277992],"rotationMatrix":[-0.257575631,0.966258168,0,-0.966258168,-0.257575631,0,0,0,1],"scale":0.881494403,"type":"tree_oak_dead_a"}
{"pos":[306.868652,236.984436,-20.8394737],"rotationMatrix":[-0.782485068,0.622669399,0,-0.622669399,-0.782485068,0,0,0,1],"scale":0.827426493,"type":"tree_oak_dead_a"}
{"pos":[134.63739,333.986633,-13.7661076],"rotationMatrix":[0.916264772,-0.400573224,0,0.400573224,0.916264772,0,0,0,1],"scale":0.992842197,"type":"tree_oak_dead_a"}
{"pos":[155.111145,215.451859,-17.9154987],"rotationMatrix":[-0.927370727,-0.374143779,0,0.374143779,-0.927370727,0,0,0,1],"scale":0.974577844,"type":"tree_oak_dead_a"}
{"pos":[410.004272,88.8380127,-11.6861954],"rotationMatrix":[-0.960902274,-0.276887774,0,0.276887774,-0.960902274,0,0,0,1],"scale":1.18928683,"type":"tree_oak_dead_a"}
{"pos":[750.454712,551.116943,-20.214056],"rotationMatrix":[0.904474914,0.426526874,0,-0.426526874,0.904474914,0,0,0,1],"scale":0.998385668,"type":"tree_oak_dead_a"}
{"pos":[760.219849,533.376099,-19.3243389],"rotationMatrix":[-0.768021286,-0.640424311,0,0.640424311,-0.768021286,0,0,0,1],"scale":1.14818513,"type":"tree_oak_dead_a"}
{"pos":[743.834534,415.964355,-14.4128284],"rotationMatrix":[0.522280037,0.852774084,0,-0.852774084,0.522280037,0,0,0,1],"scale":1.05714464,"type":"tree_oak_dead_a"}
{"pos":[728.179504,365.274841,-10.0164843],"rotationMatrix":[-0.999976933,-0.0067921672,0,0.0067921672,-0.999976933,0,0,0,1],"scale":0.987243414,"type":"tree_oak_dead_a"}
{"pos":[707.735352,297.814026,-3.85664368],"rotationMatrix":[-0.203115135,0.979154885,0,-0.979154885,-0.203115135,0,0,0,1],"scale":0.955122948,"type":"tree_oak_dead_a"}
{"pos":[684.237671,287.951385,1.80153847],"rotationMatrix":[-0.705478966,0.708730876,0,-0.708730876,-0.705478966,0,0,0,1],"scale":1.16322005,"type":"tree_oak_dead_a"}
{"pos":[677.556213,267.446045,3.86742949],"rotationMatrix":[-0.896498442,-0.443046927,0,0.443046927,-0.896498442,0,0,0,1],"scale":0.812652349,"type":"tree_oak_dead_a"}
{"pos":[679.045227,244.858719,3.09728241],"rotationMatrix":[-0.572009742,0.820246816,0,-0.820246816,-0.572009742,0,0,0,1],"scale":0.998314977,"type":"tree_oak_dead_a"}
{"pos":[606.255676,115.511955,-14.4949646],"rotationMatrix":[-0.999682665,-0.0251911767,0,0.0251911767,-0.999682665,0,0,0,1],"scale":0.853036344,"type":"tree_oak_dead_a"}
{"pos":[577.734436,108.932533,-15.6276932],"rotationMatrix":[0.401204437,-0.915988505,0,0.915988505,0.401204437,0,0,0,1],"scale":0.888184071,"type":"tree_oak_dead_a"}
{"pos":[-783.634399,145.754318,-28.9058475],"rotationMatrix":[0.860559165,-0.5093503,0,0.5093503,0.860559165,0,0,0,0.999999881],"scale":1.19714904,"type":"tree_oak_dead_a"}
{"pos":[-275.365967,-326.48465,-15.7540674],"rotationMatrix":[0.884821832,-0.236825407,-0.401252747,0.298870564,0.949160576,0.0988451764,0.357444227,-0.207383037,0.910618186],"scale":1.11399496,"type":"tree_oak_dead_a"}
{"pos":[713.60376,335.76535,-6.37264681],"rotationMatrix":[-0.939006329,0.343899429,0,-0.343899429,-0.939006329,0,0,0,0.999999762],"scale":1.07522106,"type":"tree_oak_dead_a"}
{"pos":[708.752319,327.932159,-6.28485537],"rotationMatrix":[0.996323168,-0.085672766,0,0.085672766,0.996323168,0,0,0,0.999999762],"scale":1.00497055,"type":"tree_oak_dead_a"}
