{"pos":[199.16629,161.421417,-23.8444271],"rotationMatrix":[-0.0442774817,0.999019265,0,-0.999019265,-0.0442774817,0,0,0,1],"scale":0.593267798,"type":"tree_beech_dead_b"}
{"pos":[285.723663,242.87352,-20.3312092],"rotationMatrix":[-0.903869092,0.427809089,0,-0.427809089,-0.903869092,0,0,0,1],"scale":0.714765191,"type":"tree_beech_dead_b"}
{"pos":[309.809875,232.579193,-20.9668598],"rotationMatrix":[-0.863633871,-0.504119575,0,0.504119575,-0.863633871,0,0,0,1],"scale":1.00425613,"type":"tree_beech_dead_b"}
{"pos":[316.019531,224.662766,-20.8361931],"rotationMatrix":[-0.0830937326,-0.996541739,0,0.996541739,-0.0830937326,0,0,0,1],"scale":1.09915483,"type":"tree_beech_dead_b"}
{"pos":[329.618866,189.700821,-20.6576042],"rotationMatrix":[0.977586329,-0.21053493,0,0.21053493,0.977586329,0,0,0,1],"scale":0.758895516,"type":"tree_beech_dead_b"}
{"pos":[367.50592,148.434357,-19.5976486],"rotationMatrix":[0.60765022,0.794204772,0,-0.794204772,0.60765022,0,0,0,1],"scale":0.657802701,"type":"tree_beech_dead_b"}
{"pos":[169.138153,463.131683,-24.2431469],"rotationMatrix":[-0.650817394,-0.759234309,0,0.759234309,-0.650817394,0,0,0,1],"scale":1.0871706,"type":"tree_beech_dead_b"}
{"pos":[184.027237,467.987946,-25.2788162],"rotationMatrix":[0.546105921,0.837716103,0,-0.837716103,0.546105921,0,0,0,1],"scale":0.945768476,"type":"tree_beech_dead_b"}
{"pos":[184.116241,507.309967,-28.1206093],"rotationMatrix":[0.526684225,-0.850060999,0,0.850060999,0.526684225,0,0,0,1],"scale":0.985233843,"type":"tree_beech_dead_b"}
{"pos":[183.964615,504.910614,-28.3524971],"rotationMatrix":[-0.966244161,-0.257628083,0,0.257628083,-0.966244161,0,0,0,1],"scale":1.15544903,"type":"tree_beech_dead_b"}
{"pos":[159.248245,539.906067,-29.1087322],"rotationMatrix":[-0.0925534517,-0.995707691,0,0.995707691,-0.0925534517,0,0,0,1],"scale":1.05910981,"type":"tree_beech_dead_b"}
{"pos":[145.207443,326.70047,-13.9549046],"rotationMatrix":[-0.817744076,0.575581968,0,-0.575581968,-0.817744076,0,0,0,1],"scale":1.13204193,"type":"tree_beech_dead_b"}
{"pos":[130.181305,313.087524,-12.6102037],"rotationMatrix":[0.61994797,0.784642935,0,-0.784642935,0.61994797,0,0,0,1],"scale":0.638299584,"type":"tree_beech_dead_b"}
{"pos":[129.238281,279.803802,-12.1293182],"rotationMatrix":[-0.805599213,-0.592460871,0,0.592460871,-0.805599213,0,0,0,1],"scale":1.01771176,"type":"tree_beech_dead_b"}
{"pos":[154.733826,212.895691,-18.00243],"rotationMatrix":[-0.157982334,-0.987441957,0,0.987441957,-0.157982334,0,0,0,1],"scale":0.945047498,"type":"tree_beech_dead_b"}
{"pos":[159.611633,188.188004,-19.8371677],"rotationMatrix":[-0.548993886,-0.835826397,0,0.835826397,-0.548993886,0,0,0,1],"scale":0.743735075,"type":"tree_beech_dead_b"}
{"pos":[163.156876,178.673508,-20.6469765],"rotationMatrix":[0.953174293,-0.30242148,0,0.30242148,0.953174293,0,0,0,1],"scale":0.53759104,"type":"tree_beech_dead_b"}
{"pos":[172.734024,154.513672,-24.1532288],"rotationMatrix":[-0.392709285,-0.919662654,0,0.919662654,-0.392709285,0,0,0,1],"scale":0.98324132,"type":"tree_beech_dead_b"}
{"pos":[426.916901,89.4608765,-11.2502975],"rotationMatrix":[-0.709094822,-0.705113113,0,0.705113113,-0.709094822,0,0,0,1],"scale":0.653942227,"type":"tree_beech_dead_b"}
{"pos":[410.076294,-14.4729843,-15.3987522],"rotationMatrix":[-0.166829303,0.985985816,0,-0.985985816,-0.166829303,0,0,0,1],"scale":1.11648333,"type":"tree_beech_dead_b"}
{"pos":[403.598602,14.724268,-14.8087177],"rotationMatrix":[0.988698781,0.14991565,0,-0.14991565,0.988698781,0,0,0,1],"scale":0.950877428,"type":"tree_beech_dead_b"}
{"pos":[409.920258,12.8531532,-14.3816652],"rotationMatrix":[0.982337892,-0.187115654,0,0.187115654,0.982337892,0,0,0,1],"scale":0.811586082,"type":"tree_beech_dead_b"}
{"pos":[412.057709,-13.2760906,-15.1542101],"rotationMatrix":[-0.393343031,0.919391811,0,-0.919391811,-0.393343031,0,0,0,1],"scale":1.09651232,"type":"tree_beech_dead_b"}
{"pos":[407.870605,14.2475243,-14.4761724],"rotationMatrix":[0.73080039,0.682591259,0,-0.682591259,0.73080039,0,0,0,1],"scale":1.05775845,"type":"tree_beech_dead_b"}
{"pos":[405.768311,-1.61156464,-15.3187027],"rotationMatrix":[0.602758408,0.797923744,0,-0.797923744,0.602758408,0,0,0,1],"scale":0.958975673,"type":"tree_beech_dead_b"}
{"pos":[421.42453,-17.399334,-15.0076618],"rotationMatrix":[0.0973687097,0.995248377,0,-0.995248377,0.0973687097,0,0,0,1],"scale":0.579109311,"type":"tree_beech_dead_b"}
{"pos":[413.459656,-32.7089996,-16.2952957],"rotationMatrix":[0.882665932,-0.470000863,0,0.470000863,0.882665932,0,0,0,1],"scale":0.992798924,"type":"tree_beech_dead_b"}
{"pos":[416.811981,-40.3061218,-16.5976791],"rotationMatrix":[-0.580376804,-0.814348042,0,0.814348042,-0.580376804,0,0,0,1],"scale":0.971306026,"type":"tree_beech_dead_b"}
{"pos":[398.769562,-29.2531738,-18.5745506],"rotationMatrix":[-0.0868274644,0.99622339,0,-0.99622339,-0.0868274644,0,0,0,1],"scale":0.695440948,"type":"tree_beech_dead_b"}
{"pos":[398.862976,-9.56251144,-16.6161423],"rotationMatrix":[-0.277972221,0.960589111,0,-0.960589111,-0.277972221,0,0,0,1],"scale":0.827888131,"type":"tree_beech_dead_b"}
{"pos":[389.842346,-19.2599239,-19.1473961],"rotationMatrix":[0.647612035,0.761970222,0,-0.761970222,0.647612035,0,0,0,1],"scale":0.885538816,"type":"tree_beech_dead_b"}
{"pos":[407.815582,-44.4773293,-17.7020454],"rotationMatrix":[0.815201342,-0.579177618,0,0.579177618,0.815201342,0,0,0,1],"scale":0.992725015,"type":"tree_beech_dead_b"}
{"pos":[414.697998,-71.6052704,-18.8114491],"rotationMatrix":[-0.803045392,-0.595917821,0,0.595917821,-0.803045392,0,0,0,1],"scale":0.602598906,"type":"tree_beech_dead_b"}
{"pos":[425.374634,-79.5113144,-18.7720699],"rotationMatrix":[-0.989748716,-0.142819941,0,0.142819941,-0.989748716,0,0,0,1],"scale":0.526421309,"type":"tree_beech_dead_b"}
{"pos":[405.541779,-60.1003571,-18.7618847],"rotationMatrix":[-0.616902232,0.787039816,0,-0.787039816,-0.616902232,0,0,0,1],"scale":0.649731874,"type":"tree_beech_dead_b"}
{"pos":[388.417847,-62.0177155,-19.895153],"rotationMatrix":[-0.497414231,0.86751318,0,-0.86751318,-0.497414231,0,0,0,1],"scale":0.917560577,"type":"tree_beech_dead_b"}
{"pos":[413.388977,-72.0473633,-18.9763165],"rotationMatrix":[0.903692365,-0.428182364,0,0.428182364,0.903692365,0,0,0,1],"scale":1.02183044,"type":"tree_beech_dead_b"}
{"pos":[395.1026,-61.27388,-19.4355526],"rotationMatrix":[0.844608128,-0.535385013,0,0.535385013,0.844608128,0,0,0,1],"scale":0.762918472,"type":"tree_beech_dead_b"}
{"pos":[415.023071,-58.1726379,-18.0029545],"rotationMatrix":[0.99702853,-0.0770335346,0,0.0770335346,0.99702853,0,0,0,1],"scale":0.704181969,"type":"tree_beech_dead_b"}
{"pos":[409.799225,-86.4869537,-18.6978645],"rotationMatrix":[0.461697102,-0.887037635,0,0.887037635,0.461697102,0,0,0,1],"scale":0.715715349,"type":"tree_beech_dead_b"}
{"pos":[391.425354,-95.8797226,-18.068779],"rotationMatrix":[-0.920742273,0.390171379,0,-0.390171379,-0.920742273,0,0,0,1],"scale":0.899373472,"type":"tree_beech_dead_b"}
{"pos":[427.226257,-90.2211075,-19.2159958],"rotationMatrix":[0.163254291,-0.986584008,0,0.986584008,0.163254291,0,0,0,1],"scale":0.670879841,"type":"tree_beech_dead_b"}
{"pos":[420.966888,-91.4126587,-18.9490414],"rotationMatrix":[-0.78739053,0.616454482,0,-0.616454482,-0.78739053,0,0,0,1],"scale":0.615385711,"type":"tree_beech_dead_b"}
{"pos":[405.178436,-98.2593613,-18.9391212],"rotationMatrix":[0.93048203,0.366337597,0,-0.366337597,0.93048203,0,0,0,1],"scale":0.783009648,"type":"tree_beech_dead_b"}
{"pos":[395.650391,-85.688858,-18.6388226],"rotationMatrix":[-0.999462068,0.0327965468,0,-0.0327965468,-0.999462068,0,0,0,1],"scale":0.819511652,"type":"tree_beech_dead_b"}
{"pos":[425.377289,-116.004768,-21.2472801],"rotationMatrix":[-0.782393396,-0.622784555,0,0.622784555,-0.782393396,0,0,0,1],"scale":0.786474228,"type":"tree_beech_dead_b"}
{"pos":[405.467377,-91.8790588,-18.8643875],"rotationMatrix":[-0.228186861,-0.973617375,0,0.973617375,-0.228186861,0,0,0,1],"scale":0.721597433,