{"pos":[202.650833,-1005.68896,-18.5420265],"rotationMatrix":[0.842292666,0.539019883,0,-0.539019883,0.842292666,0,0,0,0.999999642],"scale":1.12501001,"type":"tree_aspen_blocker_a"}
