{"pos":[-464.062469,-771.349976,-4.94641209],"rotationMatrix":[0.85242641,-0.522846997,0,0.522846997,0.85242641,0,0,0,0.999999762],"scale":1.94517565,"type":"vine_side_2m"}
