{"pos":[885.156494,-111.709793,-8.46399975],"rotationMatrix":[0.472034663,-0.881579995,0,0.881579995,0.472034663,0,0,0,1],"scale":1,"type":"vine_bush_wide"}
{"pos":[881.593323,-108.867844,-8.87199783],"rotationMatrix":[-0.0376553349,0.999290764,0,-0.999290764,-0.0376553349,0,0,0,1],"scale":1,"type":"vine_bush_wide"}
{"pos":[891.206604,-106.562851,-8.76473522],"rotationMatrix":[0.573745191,0.819033921,0,-0.819033921,0.573745191,0,0,0,1],"scale":1,"type":"vine_bush_wide"}
{"pos":[888.936584,-107.279121,-8.87503433],"rotationMatrix":[0.519154549,-0.854680419,0,0.854680419,0.519154549,0,0,0,1],"scale":1,"type":"vine_bush_wide"}
{"pos":[888.179382,-103.3312,-9.83394241],"rotationMatrix":[-0.204867408,-0.978789747,0,0.978789747,-0.204867408,0,0,0,1],"scale":1,"type":"vine_bush_wide"}
{"pos":[893.693726,-109.355965,-7.8730526],"rotationMatrix":[0.140957177,0.990015686,0,-0.990015686,0.140957177,0,0,0,1],"scale":1,"type":"vine_bush_wide"}
{"pos":[872.515869,-93.9639511,-9.53409004],"rotationMatrix":[-0.651569307,-0.758589208,0,0.758589208,-0.651569307,0,0,0,1],"scale":1,"type":"vine_bush_wide"}
{"pos":[870.341125,-93.3567276,-9.52169514],"rotationMatrix":[0.874684572,0.484692693,0,-0.484692693,0.874684572,0,0,0,1],"scale":1,"type":"vine_bush_wide"}
{"pos":[867.816101,-97.4014435,-9.15718937],"rotationMatrix":[0.896971405,-0.442088425,0,0.442088425,0.896971405,0,0,0,1],"scale":1,"type":"vine_bush_wide"}
{"pos":[870.701111,-97.8752518,-9.32485199],"rotationMatrix":[-0.569461048,-0.822018266,0,0.822018266,-0.569461048,0,0,0,1],"scale":1,"type":"vine_bush_wide"}
{"pos":[875.071777,-100.3283,-9.35819244],"rotationMatrix":[-0.400984973,-0.916084647,0,0.916084647,-0.400984973,0,0,0,1],"scale":1,"type":"vine_bush_wide"}
{"pos":[859.505615,-90.3702774,-10.4213047],"rotationMatrix":[0.0333220623,0.999444604,0,-0.999444604,0.0333220623,0,0,0,1],"scale":1,"type":"vine_bush_wide"}
{"pos":[855.045776,-87.8488541,-10.9894733],"rotationMatrix":[0.626790404,-0.779187799,0,0.779187799,0.626790404,0,0,0,1],"scale":1,"type":"vine_bush_wide"}
{"pos":[852.536072,-86.1053085,-11.3576508],"rotationMatrix":[0.986314654,0.164873898,0,-0.164873898,0.986314654,0,0,0,1],"scale":1,"type":"vine_bush_wide"}
{"pos":[853.362305,-93.0129852,-10.271183],"rotationMatrix":[-0.700923681,0.713236153,0,-0.713236153,-0.700923681,0,0,0,1],"scale":1,"type":"vine_bush_wide"}
{"pos":[859.530396,-94.9662018,-9.91979122],"rotationMatrix":[-0.00947300717,0.999955058,0,-0.999955058,-0.00947300717,0,0,0,1],"scale":1,"type":"vine_bush_wide"}
{"pos":[862.616211,-97.3091507,-9.35758114],"rotationMatrix":[0.875601411,0.483034343,0,-0.483034343,0.875601411,0,0,0,1],"scale":1,"type":"vine_bush_wide"}
{"pos":[839.688416,-86.6006317,-10.522665],"rotationMatrix":[-0.995425582,0.095539391,0,-0.095539391,-0.995425582,0,0,0,1],"scale":1,"type":"vine_bush_wide"}
{"pos":[835.210388,-83.6484833,-10.9510708],"rotationMatrix":[0.820929408,-0.571029603,0,0.571029603,0.820929408,0,0,0,1],"scale":1,"type":"vine_bush_wide"}
{"pos":[829.037231,-92.1779327,-10.2983103],"rotationMatrix":[-0.865037203,-0.501707673,0,0.501707673,-0.865037203,0,0,0,1],"scale":1,"type":"vine_bush_wide"}
{"pos":[832.348938,-91.6550446,-10.4987879],"rotationMatrix":[-0.00798819307,0.999968052,0,-0.999968052,-0.00798819307,0,0,0,1],"scale":1,"type":"vine_bush_wide"}
{"pos":[839.572327,-91.2555542,-10.3239861],"rotationMatrix":[-0.0657894462,-0.99783349,0,0.99783349,-0.0657894462,0,0,0,1],"scale":1,"type":"vine_bush_wide"}
{"pos":[838.792297,-85.5993042,-10.6564064],"rotationMatrix":[-0.149562076,-0.988752306,0,0.988752306,-0.149562076,0,0,0,1],"scale":1,"type":"vine_bush_wide"}
{"pos":[818.108032,-81.2928009,-11.3076611],"rotationMatrix":[0.646003366,0.763334692,0,-0.763334692,0.646003366,0,0,0,1],"scale":1,"type":"vine_bush_wide"}
{"pos":[813.019653,-89.5994873,-11.1142426],"rotationMatrix":[0.99873209,0.0503396951,0,-0.0503396951,0.99873209,0,0,0,1],"scale":1,"type":"vine_bush_wide"}
{"pos":[814.893127,-79.6610794,-11.5155506],"rotationMatrix":[0.324291646,-0.945957184,0,0.945957184,0.324291646,0,0,0,1],"scale":1,"type":"vine_bush_wide"}
{"pos":[812.823486,-80.7636414,-11.5478382],"rotationMatrix":[-0.919517577,0.393048733,0,-0.393048733,-0.919517577,0,0,0,1],"scale":1,"type":"vine_bush_wide"}
{"pos":[-77.7316284,-977.314087,-17.6364365],"rotationMatrix":[-0.989406407,0.145171657,0,-0.145171657,-0.989406407,0,0,0,0.999999881],"scale":1,"type":"vine_bush_wide"}
{"pos":[14.5067997,752.292236,-19.013485],"rotationMatrix":[-0.0629688278,0.998015404,0,-0.998015404,-0.0629688278,0,0,0,0.999999881],"scale":1,"type":"vine_bush_wide"}
{"pos":[12.0103321,761.316833,-19.0098877],"rotationMatrix":[0.664709389,0.747102022,0,-0.747102022,0.664709389,0,0,0,0.999999881],"scale":1,"type":"vine_bush_wide"}
{"pos":[-3.17995811,774.918701,-19.0085297],"rotationMatrix":[-0.368222028,0.929737747,0,-0.929737747,-0.368222028,0,0,0,0.999999881],"scale":1,"type":"vine_bush_wide"}
{"pos":[-6.86489248,763.887024,-19.0032196],"rotationMatrix":[0.745175183,0.666868746,0,-0.666868746,0.745175183,0,0,0,0.999999881],"scale":1,"type":"vine_bush_wide"}
{"pos":[-0.906403542,755.409363,-19.0118065],"rotationMatrix":[0.873594284,-0.486654639,0,0.486654639,0.873594284,0,0,0,0.999999881],"scale":1,"type":"vine_bush_wide"}
{"pos":[-7.65904284,744.741394,-19.0020752],"rotationMatrix":[-0.968130887,0.250444472,0,-0.250444472,-0.968130887,0,0,0,0.999999881],"scale":1,"type":"vine_bush_wide"}
{"pos":[-7.09340811,788.093262,-18.9731712],"rotationMatrix":[0.796270847,-0.604939997,0,0.604939997,0.796270847,0,0,0,0.999999881],"scale":1,"type":"vine_bush_wide"}
{"pos":[-2.73745537,799.841919,-18.9794483],"rotationMatrix":[0.207367748,0.978263021,0,-0.978263021,0.207367748,0,0,0,0.999999881],"scale":1,"type":"vine_bush_wide"}
{"pos":[10.2515316,801.126526,-18.9776306],"rotationMatrix":[0.872578323,-0.488473952,0,0.488473952,0.872578323,0,0,0,0.999999881],"scale":1,"type":"vine_bush_wide"}
{"pos":[10.6526279,798.347534,-18.9782104],"rotationMatrix":[-0.215028852,-0.976607621,0,0.976607621,-0.215028852,0,0,0,0.999999881],"scale":1,"type":"vine_bush_wide"}
{"pos":[8.18981743,797.894104,-18.9746609],"rotationMatrix":[-0.0670964122,-0.997746408,0,0.997746408,-0.0670964122,0,0,0,0.999999881],"scale":1,"type":"vine_bush_wide"}
{"pos":[-5.01096296,818.978455,-18.9761715],"rotationMatrix":[0.692980587,0.720956266,0,-0.720956266,0.692980587,0,0,0,0.999999881],"scale":1,"type":"vine_bush_wide"}
{"pos":[-4.62790298,817.061951,-18.9767227],"rotationMatrix":[0.513921738,0.857837081,0,-0.857837081,0.513921738,0,0,0,0.999999881],"scale":1,"type":"vine_bush_wide"}
{"pos":[-1.95143461,834.763611,-18.9805794],"rotationMatrix":[0.703596711,-0.710599363,0,0.710599363,0.703596711,0,0,0,0.999999881],"scale":1,"type":"vine_bush_wide"}
{"pos":[-3.67381763,830.677002,-18.9780979],"rotationMatrix":[0.58093971,-0.813946486,0,0.813946486,0.58093971,0,0,0,0.999999881],"scale":1,"type":"vine_bush_wide"}
{"pos":[-3.98249006,834.816406,-18.9776535],"rotationMatrix":[-0.863041878,0.505132318,0,-0.505132318,-0.863041878,0,0,0,0.999999881],"scale":1,"type":"vine_bush_wide"}
{"pos":[-0.644365788,860.338562,-18.9824638],"rotationMatrix":[-0.9344787,0.356018692,0,-0.356018692,-0.9344787,0,0,0,0.999999881],"scale":1,"type":"vine_bush_wide"}
{"pos":[0.483211517,859.534119,-18.9840889],"rotationMatrix":[0.990338981,-0.138667196,0,0.138667196,0.990338981,0,0,0,0.999999881],"scale":1,"type":"vine_bush_wide"}
{"pos":[-0.168181896,863.563049,-18.9831505],"rotationMatrix":[0.0816029534,-0.996664822,0,0.996664822,0.0816029534,0,0,0,0.999999881],"scale":1,"type":"vine_bush_wide"}
{"pos":[8.45970821,884.689758,-18.97505],"rotationMatrix":[0.228516206,-0.973540008,0,0.973540008,0.228516206,0,0,0,0.999999881],"scale":1,"type":"vine_bush_wide"}
{"pos":[10.2947931,878.967224,-18.9776955],"rotationMatrix":[-0.334261477,0.942480266,0,-0.942480266,-0.334261477,0,0,0,0.999999881],"scale":1,"type":"vine_bush_wide"}
{"pos":[-4.03139496,907.076477,-18.977581],