{"pos":[711.638733,166.820557,1.69411349],"rotationMatrix":[-0.981451273,0.175226033,0.0777730048,-0.175758377,-0.984432995,0,0.0765623376,-0.0136692617,0.996970654],"scale":1.69480264,"type":"vine_side_8m"}
{"pos":[714.120422,162.23111,-1.54017472],"rotationMatrix":[-0.984588861,0.174883738,0,-0.174883738,-0.984588861,0,0,0,0.999999642],"scale":1.28376687,"type":"vine_side_8m"}
