{"pos":[18.2986202,-136.675964,-22.4650002],"rotationMatrix":[-0.182893738,-0.983132601,0,0.983132601,-0.182893738,0,0,0,0.999999881],"scale":1.29987645,"type":"vine_wall_medium"}
{"pos":[703.67981,158.807831,-2.2603786],"rotationMatrix":[-0.242880329,-0.970055938,0,0.96939981,-0.242716044,0.0367754512,-0.0356742591,0.00893203728,0.999323249],"scale":3.77593708,"type":"vine_wall_medium"}
{"pos":[708.17218,184.644882,-3.61714458],"rotationMatrix":[-0.242880329,-0.970055938,0,0.96939981,-0.242716044,0.0367754512,-0.0356742591,0.00893203728,0.999323249],"scale":3.77593708,"type":"vine_wall_medium"}
{"pos":[705.889465,175.245178,-4.52621937],"rotationMatrix":[-0.242880329,-0.970055938,0,0.96939981,-0.242716044,0.0367754512,-0.0356742591,0.00893203728,0.999323249],"scale":3.77593708,"type":"vine_wall_medium"}
{"pos":[691.609436,200.589752,-2.36774898],"rotationMatrix":[-0.242880329,-0.970055938,0,0.96939981,-0.242716044,0.0367754512,-0.0356742591,0.00893203728,0.999323249],"scale":4.03620481,"type":"vine_wall_medium"}
