{"pos":[-466.277863,-769.990845,-8.04169178],"rotationMatrix":[-0.891408503,0.453200728,0,-0.453200728,-0.891408503,0,0,0,0.999999881],"scale":2.04471803,"type":"vine_wall_small"}
{"pos":[-466.277863,-769.990845,-8.04169178],"rotationMatrix":[-0.891408503,0.453200728,0,-0.453200728,-0.891408503,0,0,0,0.999999881],"scale":2.04471803,"type":"vine_wall_small"}
{"pos":[-460.09491,-774.000793,-8.04169178],"rotationMatrix":[-0.891408443,0.451062441,-0.0439723618,-0.453200698,-0.88720268,0.0864900127,0,0.0970262289,0.995281637],"scale":2.04471803,"type":"vine_wall_small"}
{"pos":[-469.473206,-768.405884,-8.04169178],"rotationMatrix":[-0.567258358,0.822364926,-0.0439723581,-0.822232127,-0.562542081,0.0864900053,0.0463900492,0.0852176622,0.995281518],"scale":2.04471803,"type":"vine_wall_small"}
