{"pos":[217.999756,-888.829346,-17.5536728],"rotationMatrix":[-0.973969638,-0.226676926,0,0.226676926,-0.973969638,0,0,0,0.999999523],"scale":1.15998387,"type":"vine_wall_wide_a"}
{"pos":[176.936371,-909.717346,-17.5391045],"rotationMatrix":[-0.116626665,0.993175745,0,-0.993175745,-0.116626665,0,0,0,0.999999762],"scale":1,"type":"vine_wall_wide_a"}
{"pos":[176.816055,-908.67804,-17.5107765],"rotationMatrix":[0.151313752,-0.988485575,0,0.988485575,0.151313752,0,0,0,0.999999642],"scale":1.07794785,"type":"vine_wall_wide_a"}
{"pos":[176.628387,-907.452087,-17.5107765],"rotationMatrix":[0.151313752,-0.988485575,0,0.988485575,0.151313752,0,0,0,0.999999642],"scale":1.19488358,"type":"vine_wall_wide_a"}
{"pos":[176.492737,-906.565857,-17.5107765],"rotationMatrix":[0.151313752,-0.988485575,0,0.988485575,0.151313752,0,0,0,0.999999642],"scale":1.00404644,"type":"vine_wall_wide_a"}
{"pos":[176.140533,-905.694763,-17.5107765],"rotationMatrix":[0.891866207,-0.452298433,0,0.452298433,0.891866207,0,0,0,0.999999404],"scale":1.00404644,"type":"vine_wall_wide_a"}
{"pos":[269.121704,-902.948547,-18.95928],"rotationMatrix":[-0.17778869,0.984068573,0,-0.984068573,-0.17778869,0,0,0,0.999999881],"scale":1.47038686,"type":"vine_wall_wide_a"}
{"pos":[268.763214,-900.964233,-19.3261833],"rotationMatrix":[-0.17778869,0.984068573,0,-0.984068573,-0.17778869,0,0,0,0.999999881],"scale":1.47038686,"type":"vine_wall_wide_a"}
{"pos":[268.490814,-899.456482,-18.95928],"rotationMatrix":[-0.17778869,0.984068573,0,-0.984068573,-0.17778869,0,0,0,0.999999881],"scale":1.47038686,"type":"vine_wall_wide_a"}
{"pos":[267.917297,-896.51825,-18.95928],"rotationMatrix":[-0.177788213,0.98406601,-0.00230079144,-0.984068453,-0.17778866,0,-0.000409051776,0.00226411968,0.999997079],"scale":1.47038686,"type":"vine_wall_wide_a"}
{"pos":[268.186584,-898.008728,-19.3283119],"rotationMatrix":[-0.177587509,0.982955039,0.0475567654,-0.984068513,-0.177788675,0,0.00845505577,-0.0467991233,0.998868287],"scale":1.47038686,"type":"vine_wall_wide_a"}
{"pos":[267.426025,-894.019592,-19.1968365],"rotationMatrix":[-0.17778869,0.984068573,0,-0.984068573,-0.17778869,0,0,0,0.999999881],"scale":1.47038686,"type":"vine_wall_wide_a"}
{"pos":[267.698425,-895.527344,-18.95928],"rotationMatrix":[-0.175394267,0.970815361,-0.163566902,-0.984068513,-0.177788675,0,-0.0290803444,0.160961047,0.986532032],"scale":1.47038686,"type":"vine_wall_wide_a"}
{"pos":[266.410675,-887.480164,-19.0787868],"rotationMatrix":[-0.175046086,0.968888104,0.174969479,-0.984068513,-0.177788675,0,0.0311075952,-0.172181964,0.984573603],"scale":1.47038686,"type":"vine_wall_wide_a"}
{"pos":[266.571472,-888.729004,-19.2194633],"rotationMatrix":[-0.17778869,0.984068573,0,-0.984068573,-0.17778869,0,0,0,0.999999881],"scale":1.47038686,"type":"vine_wall_wide_a"}
{"pos":[266.924286,-889.966797,-19.0787868],"rotationMatrix":[-0.17778869,0.984068573,0,-0.984068573,-0.17778869,0,0,0,0.999999881],"scale":1.47038686,"type":"vine_wall_wide_a"}
{"pos":[267.497803,-892.905029,-19.0787868],"rotationMatrix":[-0.17778869,0.984068573,0,-0.984068573,-0.17778869,0,0,0,0.999999881],"scale":1.47038686,"type":"vine_wall_wide_a"}
{"pos":[267.225403,-891.397278,-19.0787868],"rotationMatrix":[-0.17778869,0.984068573,0,-0.984068573,-0.17778869,0,0,0,0.999999881],"scale":1.47038686,"type":"vine_wall_wide_a"}
{"pos":[17.5873146,-136.875473,-22.4650021],"rotationMatrix":[-0.996075213,-0.0885078311,0,0.0885078311,-0.996075213,0,0,0,0.999999642],"scale":1.40687561,"type":"vine_wall_wide_a"}
{"pos":[-1.81717777,736.432556,-20.5769882],"rotationMatrix":[0.998861551,-0.0476985089,0,0.0475481078,0.995711923,-0.0793501362,0.00378488493,0.0792598352,0.996846437],"scale":1,"type":"vine_wall_wide_a"}
{"pos":[-0.988219559,736.485535,-20.5843449],"rotationMatrix":[0.993134558,0.116248533,-0.0130137755,-0.116913453,0.990052223,-0.0782756954,0.00378488447,0.0792598277,0.996846318],"scale":1,"type":"vine_wall_wide_a"}
{"pos":[711.339478,319.457764,-6.91765022],"rotationMatrix":[-0.445634246,-0.87518549,0.188308448,0.882730186,-0.464595586,-0.0702705681,0.14898704,0.134910598,0.979592323],"scale":1,"type":"vine_wall_wide_a"}
{"pos":[710.963135,318.635773,-6.70717716],"rotationMatrix":[-0.445634246,-0.87518549,0.188308448,0.882730186,-0.464595586,-0.0702705681,0.14898704,0.134910598,0.979592323],"scale":1,"type":"vine_wall_wide_a"}
{"pos":[710.534424,317.779205,-6.70717716],"rotationMatrix":[-0.445634246,-0.87518549,0.188308448,0.882730186,-0.464595586,-0.0702705681,0.14898704,0.134910598,0.979592323],"scale":1,"type":"vine_wall_wide_a"}
{"pos":[710.305115,317.248566,-6.55750656],"rotationMatrix":[-0.445634246,-0.87518549,0.188308448,0.882730186,-0.464595586,-0.0702705681,0.14898704,0.134910598,0.979592323],"scale":1,"type":"vine_wall_wide_a"}
