{"pos":[883.827759,-101.42659,-10.1879616],"rotationMatrix":[0.859109998,-0.511790812,0,0.511790812,0.859109998,0,0,0,1],"scale":1,"type":"vine_bush_wide_b"}
{"pos":[883.048889,-98.781723,-10.6041288],"rotationMatrix":[0.995076716,0.0991072059,0,-0.0991072059,0.995076716,0,0,0,1],"scale":1,"type":"vine_bush_wide_b"}
{"pos":[881.213928,-97.347435,-10.5245705],"rotationMatrix":[0.683546066,0.729907453,0,-0.729907453,0.683546066,0,0,0,1],"scale":1,"type":"vine_bush_wide_b"}
{"pos":[879.669678,-96.626442,-10.3176308],"rotationMatrix":[-0.989511609,-0.144453391,0,0.144453391,-0.989511609,0,0,0,1],"scale":1,"type":"vine_bush_wide_b"}
{"pos":[876.769348,-95.0705872,-9.92004395],"rotationMatrix":[0.696899056,0.717169344,0,-0.717169344,0.696899056,0,0,0,1],"scale":1,"type":"vine_bush_wide_b"}
{"pos":[873.389343,-92.4640961,-9.72065735],"rotationMatrix":[0.128682122,0.991685867,0,-0.991685867,0.128682122,0,0,0,1],"scale":1,"type":"vine_bush_wide_b"}
{"pos":[867.022217,-90.4281387,-9.92559719],"rotationMatrix":[-0.375667006,0.926754653,0,-0.926754653,-0.375667006,0,0,0,1],"scale":1,"type":"vine_bush_wide_b"}
{"pos":[864.911194,-90.7576523,-10.0498199],"rotationMatrix":[0.502165258,0.864771783,0,-0.864771783,0.502165258,0,0,0,1],"scale":1,"type":"vine_bush_wide_b"}
{"pos":[846.420166,-86.3190384,-11.1193533],"rotationMatrix":[0.641375303,-0.767227232,0,0.767227232,0.641375303,0,0,0,1],"scale":1,"type":"vine_bush_wide_b"}
{"pos":[833.864319,-83.8852081,-11.0482788],"rotationMatrix":[0.59844923,0.801160812,0,-0.801160812,0.59844923,0,0,0,1],"scale":1,"type":"vine_bush_wide_b"}
{"pos":[823.14801,-82.6059875,-11.0267153],"rotationMatrix":[0.405392706,-0.914142609,0,0.914142609,0.405392706,0,0,0,1],"scale":1,"type":"vine_bush_wide_b"}
{"pos":[810.563416,-78.6166458,-11.7496223],"rotationMatrix":[0.140147954,-0.990130544,0,0.990130544,0.140147954,0,0,0,1],"scale":1,"type":"vine_bush_wide_b"}
{"pos":[799.600159,-78.5683517,-12.7496386],"rotationMatrix":[0.795815229,0.60553968,0,-0.60553968,0.795815229,0,0,0,1],"scale":1,"type":"vine_bush_wide_b"}
{"pos":[801.880676,-87.4191971,-12.4070368],"rotationMatrix":[-0.995097756,0.0988963172,0,-0.0988963172,-0.995097756,0,0,0,1],"scale":1,"type":"vine_bush_wide_b"}
{"pos":[808.884033,-86.9940109,-11.8579121],"rotationMatrix":[-0.999871016,0.016059272,0,-0.016059272,-0.999871016,0,0,0,1],"scale":1,"type":"vine_bush_wide_b"}
{"pos":[818.624268,-90.0627136,-10.7154245],"rotationMatrix":[-0.366134375,0.9305619,0,-0.9305619,-0.366134375,0,0,0,1],"scale":1,"type":"vine_bush_wide_b"}
{"pos":[836.48822,-91.9461288,-10.3736954],"rotationMatrix":[0.963789523,0.266664147,0,-0.266664147,0.963789523,0,0,0,1],"scale":1,"type":"vine_bush_wide_b"}
{"pos":[856.038086,-96.1236725,-9.72363091],"rotationMatrix":[-0.812145472,-0.583454907,0,0.583454907,-0.812145472,0,0,0,1],"scale":1,"type":"vine_bush_wide_b"}
{"pos":[874.099121,-103.209129,-8.85603905],"rotationMatrix":[-0.887410045,-0.460981041,0,0.460981041,-0.887410045,0,0,0,1],"scale":1,"type":"vine_bush_wide_b"}
{"pos":[865.957214,-98.2611618,-9.11804581],"rotationMatrix":[0.964332461,-0.264693797,0,0.264693797,0.964332461,0,0,0,1],"scale":1,"type":"vine_bush_wide_b"}
{"pos":[705.922363,180.948135,0.806681633],"rotationMatrix":[-0.0370762497,-0.265916437,-0.963282406,0.313347965,0.912237167,-0.263885856,0.948913991,-0.311626554,0.0495020524],"scale":1,"type":"vine_bush_wide_b"}
{"pos":[703.141174,160.456909,-0.88457346],"rotationMatrix":[-0.0370762497,-0.265916437,-0.963282406,0.313347965,0.912237167,-0.263885856,0.948913991,-0.311626554,0.0495020524],"scale":1.24413669,"type":"vine_bush_wide_b"}
{"pos":[708.083679,189.960617,-0.88457346],"rotationMatrix":[-0.0370762497,-0.265916437,-0.963282406,0.313347965,0.912237167,-0.263885856,0.948913991,-0.311626554,0.0495020524],"scale":1.24413669,"type":"vine_bush_wide_b"}
{"pos":[719.566162,165.426682,-1.55918884],"rotationMatrix":[0.268487751,0.000717651099,-0.963282287,-0.947257638,0.181841537,-0.263885826,0.174975395,0.983327091,0.0495020449],"scale":1,"type":"vine_bush_wide_b"}
{"pos":[705.797302,163.651123,-1.55918884],"rotationMatrix":[-0.268440664,-0.00507863797,-0.963282168,0.950086236,-0.166431099,-0.263885796,-0.158979982,-0.9860394,0.0495020375],"scale":1,"type":"vine_bush_wide_b"}
{"pos":[7.13008976,743.443359,-19.2132263],"rotationMatrix":[-0.58196044,0.813216865,0,-0.813216865,-0.58196044,0,0,0,0.999999881],"scale":1,"type":"vine_bush_wide_b"}
{"pos":[-6.88879538,742.540527,-19.0031853],"rotationMatrix":[-0.238051891,0.971252382,0,-0.971252382,-0.238051891,0,0,0,0.999999881],"scale":1,"type":"vine_bush_wide_b"}
{"pos":[-3.50875282,773.898438,-19.0080566],"rotationMatrix":[-0.131808698,0.991275072,0,-0.991275072,-0.131808698,0,0,0,0.999999881],"scale":1,"type":"vine_bush_wide_b"}
{"pos":[11.4460697,762.411377,-19.0090733],"rotationMatrix":[0.497772574,0.867307603,0,-0.867307603,0.497772574,0,0,0,0.999999881],"scale":1,"type":"vine_bush_wide_b"}
{"pos":[8.13389015,787.994141,-18.9745789],"rotationMatrix":[0.506671131,-0.862139285,0,0.862139285,0.506671131,0,0,0,0.999999881],"scale":1,"type":"vine_bush_wide_b"}
{"pos":[14.8923626,736.129883,-19.1842365],"rotationMatrix":[-0.016195843,0.999868751,0,-0.999868751,-0.016195843,0,0,0,0.999999881],"scale":0.645332336,"type":"vine_bush_wide_b"}
{"pos":[-3.2668376,789.264099,-18.9786854],"rotationMatrix":[0.865702689,-0.500558436,0,0.500558436,0.865702689,0,0,0,0.999999881],"scale":1,"type":"vine_bush_wide_b"}
{"pos":[-3.2638135,801.341675,-18.9786892],"rotationMatrix":[-0.272708178,-0.962096751,0,0.962096751,-0.272708178,0,0,0,0.999999881],"scale":1,"type":"vine_bush_wide_b"}
{"pos":[9.71613693,817.506653,-18.97686],"rotationMatrix":[0.655894458,0.754852593,0,-0.754852593,0.655894458,0,0,0,0.999999881],"scale":1,"type":"vine_bush_wide_b"}
{"pos":[11.7378578,820.585083,-18.9797745],"rotationMatrix":[-0.951346457,0.308122963,0,-0.308122963,-0.951346457,0,0,0,0.999999881],"scale":1,"type":"vine_bush_wide_b"}
{"pos":[-6.9207201,835.990662,-18.9734192],"rotationMatrix":[0.91211009,0.409945279,0,-0.409945279,0.91211009,0,0,0,0.999999881],"scale":1,"type":"vine_bush_wide_b"}
{"pos":[13.2117167,834.533203,-18.9818974],"rotationMatrix":[0.998497069,-0.0548037253,0,0.0548037253,0.998497069,0,0,0,0.999999881],"scale":1,"type":"vine_bush_wide_b"}
{"pos":[8.1104393,833.373413,-18.9745464],"rotationMatrix":[0.999999046,0.00130874268,0,-0.00130874268,0.999999046,0,0,0,0.999999881],"scale":1,"type":"vine_bush_wide_b"}
{"pos":[10.2101803,853.191772,-18.9775734],"rotationMatrix":[0.155706033,-0.9878034,0,0.9878034,0.155706033,0,0,0,0.999999881],"scale":1,"type":"vine_bush_wide_b"}
{"pos":[13.1381416,883.119873,-18.9817924],"rotationMatrix":[-0.330911309,-0.943661749,0,0.943661749,-0.330911309,0,0,0,0.999999881],"scale":1,"type":"vine_bush_wide_b"}
{"pos":[-4.98686934,904.416626,-18.9762058],"rotationMatrix":[0.173586786,0.984818518,0,-0.984818518,0.173586786,0,0,0,0.999999881],"scale":1,"type":"vine_bush_wide_b"}
{"pos":[-2.94944429,907.421936,-18.9791412],"rotationMatrix":[-0.982276022,0.187440008,0,-0.187440008,-0.982276022,0,0,0,0.999999881],"scale":1,"type":"vine_bush_wide_b"}
{"pos":[-5.98961735,876.034485,-18.974762],"rotationMatrix":[0.0432953686,0.99906224,0,-0.99906224,0.0432953686,0,0,0,0.999999881],"scale":1,"type":"vine_bush_wide_b"}
{"pos":[710.258301,319.3685,-6.94437504],"rotationMatrix":[0.8878932,-0.458953768,0.0317321196,0.460049421,0.885778606,-0.0612428412,0,0.0689754561,0.997618139],"scale":1,"type":"vine_bush_wide_b"}
