{"pos":[-461.402374,-772.915466,-8.04169369],"rotationMatrix":[0.883538783,-0.468357801,0,0.468357801,0.883538783,0,0,0,0.999999762],"scale":1.23400223,"type":"vine_wall_wide_b"}
{"pos":[-460.552765,-773.285583,-8.04169369],"rotationMatrix":[0.883538783,-0.468357801,0,0.468357801,0.883538783,0,0,0,0.999999762],"scale":1.23400223,"type":"vine_wall_wide_b"}
{"pos":[703.498413,162.61792,2.75175762],"rotationMatrix":[0.217330158,0.976097882,0,-0.976097882,0.217330158,0,0,0,0.999999762],"scale":2.21514297,"type":"vine_wall_wide_b"}
{"pos":[703.728088,162.95903,-9.17587852],"rotationMatrix":[0.217330158,0.976097882,0,-0.976097882,0.217330158,0,0,0,0.999999762],"scale":2.21514297,"type":"vine_wall_wide_b"}
{"pos":[705.342285,177.476624,-4.57618999],"rotationMatrix":[0.217330158,0.976097882,0,-0.976097882,0.217330158,0,0,0,0.999999762],"scale":2.21514297,"type":"vine_wall_wide_b"}
{"pos":[709.035828,192.133499,4.28872681],"rotationMatrix":[0.217330158,0.976097882,0,-0.976097882,0.217330158,0,0,0,0.999999762],"scale":2.21514297,"type":"vine_wall_wide_b"}
{"pos":[709.035828,192.133499,-9.80978966],"rotationMatrix":[0.217330158,0.976097882,0,-0.976097882,0.217330158,0,0,0,0.999999762],"scale":2.21514297,"type":"vine_wall_wide_b"}
{"pos":[705.502502,173.356583,-12.9231701],"rotationMatrix":[0.217330158,0.976097882,0,-0.976097882,0.217330158,0,0,0,0.999999762],"scale":2.21514297,"type":"vine_wall_wide_b"}
{"pos":[705.502502,173.356583,1.17534542],"rotationMatrix":[0.217330158,0.976097882,0,-0.976097882,0.217330158,0,0,0,0.999999762],"scale":2.21514297,"type":"vine_wall_wide_b"}
{"pos":[674.250122,179.941055,2.19822836],"rotationMatrix":[0.217330158,0.976097882,0,-0.976097882,0.217330158,0,0,0,0.999999762],"scale":2.21514297,"type":"vine_wall_wide_b"}
{"pos":[674.250122,179.941055,16.2967415],"rotationMatrix":[0.217330158,0.976097882,0,-0.976097882,0.217330158,0,0,0,0.999999762],"scale":2.21514297,"type":"vine_wall_wide_b"}
{"pos":[678.032532,166.924637,-4.64123869],"rotationMatrix":[-0.953081429,0.302712858,0,-0.302712858,-0.953081429,0,0,0,0.999999642],"scale":2.21514297,"type":"vine_wall_wide_b"}
{"pos":[678.032532,166.924637,9.45727539],"rotationMatrix":[-0.953081429,0.302712858,0,-0.302712858,-0.953081429,0,0,0,0.999999642],"scale":2.21514297,"type":"vine_wall_wide_b"}
{"pos":[693.0802,163.608383,-12.4367828],"rotationMatrix":[-0.131512597,-0.991313934,0,0.991313934,-0.131512597,0,0,0,0.999999404],"scale":2.21514297,"type":"vine_wall_wide_b"}
{"pos":[693.0802,163.608383,1.66172886],"rotationMatrix":[-0.131512597,-0.991313934,0,0.991313934,-0.131512597,0,0,0,0.999999404],"scale":2.21514297,"type":"vine_wall_wide_b"}
{"pos":[695.237671,175.526093,-12.4367828],"rotationMatrix":[-0.131512597,-0.991313934,0,0.991313934,-0.131512597,0,0,0,0.999999404],"scale":2.21514297,"type":"vine_wall_wide_b"}
{"pos":[695.237671,175.526093,1.66172886],"rotationMatrix":[-0.131512597,-0.991313934,0,0.991313934,-0.131512597,0,0,0,0.999999404],"scale":2.21514297,"type":"vine_wall_wide_b"}
{"pos":[687.571167,195.88884,-8.10325527],"rotationMatrix":[0.999962986,0.00852590799,0,-0.00852590799,0.999962986,0,0,0,0.999999285],"scale":2.21514297,"type":"vine_wall_wide_b"}
{"pos":[687.571167,195.88884,5.9952569],"rotationMatrix":[0.999962986,0.00852590799,0,-0.00852590799,0.999962986,0,0,0,0.999999285],"scale":2.21514297,"type":"vine_wall_wide_b"}
{"pos":[676.957947,195.444229,-2.29907084],"rotationMatrix":[0.0879339352,0.996125579,0,-0.996125579,0.0879339352,0,0,0,0.999999166],"scale":2.21514297,"type":"vine_wall_wide_b"}
