{"pos":[871.672119,-96.0055695,-9.51116753],"rotationMatrix":[-0.419129103,0.907926559,0,-0.907926559,-0.419129103,0,0,0,1],"scale":1,"type":"vine_ground_large"}
{"pos":[887.239502,-110.834648,-8.44276333],"rotationMatrix":[0.355577856,0.934646726,0,-0.934646726,0.355577856,0,0,0,1],"scale":1,"type":"vine_ground_large"}
{"pos":[-42.2157059,-662.508118,-7.03591204],"rotationMatrix":[-0.970050395,-0.242903501,0,0.242903501,-0.970050395,0,0,0,0.999999881],"scale":1,"type":"vine_ground_large"}
{"pos":[-42.4517212,-660.222229,-7.10873413],"rotationMatrix":[-0.838948727,0.544210315,0,-0.544210315,-0.838948727,0,0,0,0.999999881],"scale":1,"type":"vine_ground_large"}
{"pos":[218.919006,-889.201294,-13.8666029],"rotationMatrix":[3.40702506e-08,0.998292863,-0.0584051609,-1.14236904e-07,0.0584051013,0.998292863,0.999999881,-2.73400715e-08,1.16031771e-07],"scale":0.823916078,"type":"vine_ground_large"}
{"pos":[217.538727,-888.956299,-14.3848095],"rotationMatrix":[-0.979290128,8.76012263e-10,0.20246087,0.20246087,-8.74183641e-08,0.979289889,1.85566726e-08,0.999999762,8.54305995e-08],"scale":0.736171126,"type":"vine_ground_large"}
{"pos":[17.7993031,-136.955093,-13.0265455],"rotationMatrix":[-0.95156312,-0.307126254,-0.0141620077,-0.0150891906,0.000644439831,0.99988538,-0.307082146,0.951668203,-0.00524751469],"scale":1.30449688,"type":"vine_ground_large"}
{"pos":[-467.868866,-769.149841,-0.318558216],"rotationMatrix":[-0.80911696,0.565735459,-0.158972695,-0.11744827,0.109384,0.987036049,0.575790524,0.817299128,-0.0220597982],"scale":1.31423676,"type":"vine_ground_large"}
{"pos":[-463.691589,-771.804565,0.867766857],"rotationMatrix":[0.946206152,-0.31700024,0.0648334324,-0.0612726696,0.0211999491,0.997895062,-0.317707717,-0.948187649,0.000636111945],"scale":1.31423676,"type":"vine_ground_large"}
{"pos":[702.022583,154.202087,18.8659878],"rotationMatrix":[0.232778028,0.963360965,0.133226678,-0.048795931,-0.125247911,0.990924299,0.971304417,-0.237166405,0.017853139],"scale":2.0713706,"type":"vine_ground_large"}
{"pos":[705.356689,171.783859,16.0931816],"rotationMatrix":[0.214036837,0.954842985,-0.20606561,0.045072984,0.201075777,0.978538096,0.975785077,-0.218731225,0],"scale":2.0713706,"type":"vine_ground_large"}
{"pos":[708.065796,189.094666,10.2005596],"rotationMatrix":[0.214036837,0.954842985,-0.20606561,0.045072984,0.201075777,0.978538096,0.975785077,-0.218731225,0],"scale":2.0713706,"type":"vine_ground_large"}
{"pos":[694.600647,171.783859,16.0931816],"rotationMatrix":[0.214036822,0.968518019,-0.127125561,0.0450729802,0.120210767,0.991724491,0.975785017,-0.217995554,-0.017924469],"scale":2.0713706,"type":"vine_ground_large"}
{"pos":[692.229431,158.987198,15.675787],"rotationMatrix":[0.159812823,0.891844273,0.423170686,-0.0746405944,-0.416535974,0.906049848,0.984321296,-0.176384136,0],"scale":2.0713706,"type":"vine_ground_large"}
{"pos":[13.8542728,751.589478,-19.0085487],"rotationMatrix":[-0.825585067,-0.564277589,0,0.564277589,-0.825585067,0,0,0,0.999999881],"scale":1,"type":"vine_ground_large"}
{"pos":[-5.75974989,745.430969,-19.0048122],"rotationMatrix":[-0.89385438,-0.448357403,0,0.448357403,-0.89385438,0,0,0,0.999999881],"scale":1,"type":"vine_ground_large"}
{"pos":[-2.1232605,756.138306,-19.0100536],"rotationMatrix":[0.384318143,-0.923200667,0,0.923200667,0.384318143,0,0,0,0.999999881],"scale":1,"type":"vine_ground_large"}
{"pos":[-5.63257074,763.208374,-19.0049953],"rotationMatrix":[0.19586964,0.980629921,0,-0.980629921,0.19586964,0,0,0,0.999999881],"scale":1,"type":"vine_ground_large"}
{"pos":[-3.01746488,770.954895,-19.0087643],"rotationMatrix":[-0.29474023,-0.955577374,0,0.955577374,-0.29474023,0,0,0,0.999999881],"scale":1,"type":"vine_ground_large"}
{"pos":[10.3765678,763.430054,-19.0075321],"rotationMatrix":[0.728374243,-0.685179412,0,0.685179412,0.728374243,0,0,0,0.999999881],"scale":1,"type":"vine_ground_large"}
{"pos":[11.1995726,766.054871,-19.0087185],"rotationMatrix":[-0.00277074613,-0.999996066,0,0.999996066,-0.00277074613,0,0,0,0.999999881],"scale":1,"type":"vine_ground_large"}
{"pos":[7.59111166,742.30188,-19.0035191],"rotationMatrix":[-0.135506019,-0.99077642,0,0.99077642,-0.135506019,0,0,0,0.999999881],"scale":1,"type":"vine_ground_large"}
{"pos":[7.99369764,745.349243,-19.004097],"rotationMatrix":[0.905882597,-0.423528701,0,0.423528701,0.905882597,0,0,0,0.999999881],"scale":1,"type":"vine_ground_large"}
{"pos":[9.00999451,742.750061,-19.0055618],"rotationMatrix":[-0.986742556,-0.162293047,0,0.162293047,-0.986742556,0,0,0,0.999999881],"scale":1,"type":"vine_ground_large"}
{"pos":[9.75335407,741.919312,-19.0066338],"rotationMatrix":[0.759992957,-0.649931014,0,0.649931014,0.759992957,0,0,0,0.999999881],"scale":1,"type":"vine_ground_large"}
{"pos":[6.8088932,745.140991,-19.0023899],"rotationMatrix":[-0.847090185,-0.53144902,0,0.53144902,-0.847090185,0,0,0,0.999999881],"scale":1,"type":"vine_ground_large"}
{"pos":[-6.82172537,740.457092,-19.0032806],"rotationMatrix":[-0.204662472,0.978832543,0,-0.978832543,-0.204662472,0,0,0,0.999999881],"scale":1,"type":"vine_ground_large"}
{"pos":[5.97619867,786.322205,-18.9714699],"rotationMatrix":[0.776860058,0.629673243,0,-0.629673243,0.776860058,0,0,0,0.999999881],"scale":1,"type":"vine_ground_large"}
{"pos":[10.1775551,786.412292,-18.9775257],"rotationMatrix":[0.0398536772,0.99920541,0,-0.99920541,0.0398536772,0,0,0,0.999999881],"scale":1,"type":"vine_ground_large"}
{"pos":[9.90673256,789.961609,-18.9771347],"rotationMatrix":[0.967475712,-0.252963603,0,0.252963603,0.967475712,0,0,0,0.999999881],"scale":1,"type":"vine_ground_large"}
{"pos":[7.38696003,790.690491,-18.9735031],"rotationMatrix":[0.799682915,0.600422502,0,-0.600422502,0.799682915,0,0,0,0.999999881],"scale":1,"type":"vine_ground_large"}
{"pos":[-4.25542402,775.401062,-19.0069809],"rotationMatrix":[0.976486385,-0.215578422,0,0.215578422,0.976486385,0,0,0,0.999999881],"scale":1,"type":"vine_ground_large"}
{"pos":[-2.21426177,777.273987,-19.009922],"rotationMatrix":[-0.518771827,-0.854912698,0,0.854912698,-0.518771827,0,0,0,0.999999881],"scale":1,"type":"vine_ground_large"}
{"pos":[-1.91333771,774.546387,-19.0103569],"rotationMatrix":[-0.190408245,-0.981704891,0,0.981704891,-0.190408245,0,0,0,0.999999881],"scale":1,"type":"vine_ground_large"}
{"pos":[-5.99628925,787.36731,-18.9747505],"rotationMatrix":[0.917752206,-0.397153139,0,0.397153139,0.917752206,0,0,0,0.999999881],"scale":1,"type":"vine_ground_large"}
{"pos":[-2.91944838,805.087646,-18.9791851],"rotationMatrix":[0.5944646,0.804121792,0,-0.804121792,0.5944646,0,0,0,0.999999881],"scale":1,"type":"vine_ground_large"}
{"pos":[11.9465132,815.453247,-18.9800758],"rotationMatrix":[-0.999188125,0.0402857326,0,-0.0402857326,-0.999188125,0,0,0,0.999999881],"scale":1,"type":"vine_ground_large"}
{"pos":[12.7345581,820.123413,-18.9812107],"rotationMatrix":[-0.861573994,0.507631898,0,-0.507631898,-0.861573994,0,0,0,0.999999881],"scale":1,"type":"vine_ground_large"}
{"pos":[6.22356749,799.135437,-18.9718266],"rotationMatrix":[-0.731358826,-0.681992888,0,0.681992888,-0.731358826,0,0,0,0.999999881],"scale":1,"type":"vine_ground_large"}
{"pos":[-2.30252886,819.630493,-18.9800758],"rotationMatrix":[-0.0700070783,-0.997546434,0,0.997546434,-0.0700070783,0,0,0,0.999999881],"scale":1,"type":"vine_ground_large"}
{"pos":[-6.09805632,820.200562,-18.9746037],"rotationMatrix":[0.874984682,-0.48415035,0,0.48415035,0.874984682,0,0,0,0.999999881],"scale":1,"type":"vine_ground_large"}
{"pos":[10.274128,830.480591,-18.9776649],"rotationMatrix":[-0.777341843,0.62907815,0,-0.62907815,-0.777341843,0,0,0,0.999999881],"scale":1,"type":"vine_ground_large"}
{"pos":[8.41590977,848.886475,-18.974987],"rotationMatrix":[0.893506169,0.449050874,0,-0.449050874,0.893506169,0,0,0,0.999999881],"scale":1,"type":"vine_ground_large"}
{"pos":[11.0839396,850.46167,-18.9788322],"rotationMatrix":[-0.920299113,0.391215146,0,-0.391215146,-0.920299113,0,0,0,0.999999881],"scale":1,