{"pos":[223.429413,-1030.96033,-18.5420284],"rotationMatrix":[0.998999357,0.0447212867,0,-0.0447212867,0.998999357,0,0,0,0.999999881],"scale":1,"type":"vine_ground_small"}
{"pos":[225.565735,-1032.47192,-18.5420284],"rotationMatrix":[-0.963152468,0.268955976,0,-0.268955976,-0.963152468,0,0,0,0.999999881],"scale":1,"type":"vine_ground_small"}
