{"pos":[-467.93689,-769.02063,-7.23508072],"rotationMatrix":[-0.872288167,0.488991916,0,-0.488991916,-0.872288167,0,0,0,0.999999762],"scale":1,"type":"vine_roof_wide"}
{"pos":[-465.332855,-770.363159,-2.89501953],"rotationMatrix":[0.867461383,-0.497503936,0,0.497503936,0.867461383,0,0,0,0.999999642],"scale":1,"type":"vine_roof_wide"}
