{"pos":[13.2882748,740.329285,-19.0117283],"rotationMatrix":[0.994556665,0.104196206,0,-0.104196206,0.994556665,0,0,0,0.999999881],"scale":1,"type":"vine_ground_medium"}
{"pos":[12.7951851,751.279297,-19.0110168],"rotationMatrix":[0.948528349,0.316692203,0,-0.316692203,0.948528349,0,0,0,0.999999881],"scale":1,"type":"vine_ground_medium"}
{"pos":[13.6724501,761.307068,-19.0122833],"rotationMatrix":[0.0944621563,-0.9955284,0,0.9955284,0.0944621563,0,0,0,0.999999881],"scale":1,"type":"vine_ground_medium"}
{"pos":[12.2313852,760.215027,-19.0102043],"rotationMatrix":[0.00303283031,-0.999995351,0,0.999995351,0.00303283031,0,0,0,0.999999881],"scale":1,"type":"vine_ground_medium"}
{"pos":[12.1268883,767.518433,-19.0100555],"rotationMatrix":[-0.997056782,-0.0766651034,0,0.0766651034,-0.997056782,0,0,0,0.999999881],"scale":1,"type":"vine_ground_medium"}
{"pos":[11.2001886,774.252075,-19.0087204],"rotationMatrix":[-0.195100531,-0.980783224,0,0.980783224,-0.195100531,0,0,0,0.999999881],"scale":1,"type":"vine_ground_medium"}
{"pos":[5.86282015,787.265076,-18.9713058],"rotationMatrix":[0.999971628,0.00751995249,0,-0.00751995249,0.999971628,0,0,0,0.999999881],"scale":1,"type":"vine_ground_medium"}
{"pos":[10.6206932,792.238342,-18.9781647],"rotationMatrix":[-0.769977748,0.638070405,0,-0.638070405,-0.769977748,0,0,0,0.999999881],"scale":1,"type":"vine_ground_medium"}
{"pos":[9.28849792,791.075745,-18.976244],"rotationMatrix":[0.83660233,0.547810674,0,-0.547810674,0.83660233,0,0,0,0.999999881],"scale":1,"type":"vine_ground_medium"}
{"pos":[-2.2893858,775.654358,-19.0098152],"rotationMatrix":[-0.599419951,0.80043447,0,-0.80043447,-0.599419951,0,0,0,0.999999881],"scale":1,"type":"vine_ground_medium"}
{"pos":[-0.565323651,773.020691,-19.0122986],"rotationMatrix":[-0.992487013,0.122349344,0,-0.122349344,-0.992487013,0,0,0,0.999999881],"scale":1,"type":"vine_ground_medium"}
{"pos":[-7.08155823,762.39209,-19.0029068],"rotationMatrix":[-0.598587215,-0.801057518,0,0.801057518,-0.598587215,0,0,0,0.999999881],"scale":1,"type":"vine_ground_medium"}
{"pos":[-7.39135027,764.731567,-19.0024605],"rotationMatrix":[0.404602051,0.914492846,0,-0.914492846,0.404602051,0,0,0,0.999999881],"scale":1,"type":"vine_ground_medium"}
{"pos":[-0.729857206,754.578613,-19.0120621],"rotationMatrix":[-0.545699,-0.837981224,0,0.837981224,-0.545699,0,0,0,0.999999881],"scale":1,"type":"vine_ground_medium"}
{"pos":[-1.02129054,753.866577,-19.0116425],"rotationMatrix":[0.993542671,-0.113457695,0,0.113457695,0.993542671,0,0,0,0.999999881],"scale":1,"type":"vine_ground_medium"}
{"pos":[-1.05030417,756.679871,-19.0116005],"rotationMatrix":[0.604297161,0.796759009,0,-0.796759009,0.604297161,0,0,0,0.999999881],"scale":1,"type":"vine_ground_medium"}
{"pos":[-5.04528522,744.089172,-19.0058422],"rotationMatrix":[-0.776893795,-0.62963146,0,0.62963146,-0.776893795,0,0,0,0.999999881],"scale":1,"type":"vine_ground_medium"}
{"pos":[-4.73549986,743.409119,-19.0062885],"rotationMatrix":[-0.49761343,0.867398739,0,-0.867398739,-0.49761343,0,0,0,0.999999881],"scale":1,"type":"vine_ground_medium"}
{"pos":[6.96195459,737.526489,-17.9316368],"rotationMatrix":[0.871476829,0.490436286,0,-0.153824463,0.273337156,0.949539006,0.465688556,-0.827501535,0.313648075],"scale":1,"type":"vine_ground_medium"}
{"pos":[6.16852713,737.238525,-17.9772778],"rotationMatrix":[0.974185705,0.202644229,0.0994833931,-0.153824449,0.273337126,0.949538946,0.165226191,-0.940330565,0.297452748],"scale":1,"type":"vine_ground_medium"}
{"pos":[8.89473915,736.957397,-17.9772778],"rotationMatrix":[0.974185705,0.202644229,0.0994833931,-0.153824449,0.273337126,0.949538946,0.165226191,-0.940330565,0.297452748],"scale":1,"type":"vine_ground_medium"}
{"pos":[14.3718472,737.135071,-17.9772778],"rotationMatrix":[0.974185705,0.202644229,0.0994833931,-0.153824449,0.273337126,0.949538946,0.165226191,-0.940330565,0.297452748],"scale":1,"type":"vine_ground_medium"}
{"pos":[-6.1242466,788.788391,-18.9745674],"rotationMatrix":[-0.99265033,-0.121017076,0,0.121017076,-0.99265033,0,0,0,0.999999881],"scale":1,"type":"vine_ground_medium"}
{"pos":[-2.99372149,787.525635,-18.9790783],"rotationMatrix":[-0.972285867,-0.233794942,0,0.233794942,-0.972285867,0,0,0,0.999999881],"scale":1,"type":"vine_ground_medium"}
{"pos":[-7.31210518,801.706421,-18.9728546],"rotationMatrix":[-0.928999126,0.370081782,0,-0.370081782,-0.928999126,0,0,0,0.999999881],"scale":1,"type":"vine_ground_medium"}
{"pos":[-4.37930536,805.267029,-18.9770813],"rotationMatrix":[0.687980294,0.725729346,0,-0.725729346,0.687980294,0,0,0,0.999999881],"scale":1,"type":"vine_ground_medium"}
{"pos":[-3.20634794,821.145203,-18.9787712],"rotationMatrix":[0.989038169,-0.14765951,0,0.14765951,0.989038169,0,0,0,0.999999881],"scale":1,"type":"vine_ground_medium"}
{"pos":[11.9445496,833.261841,-18.980072],"rotationMatrix":[-0.237082914,0.971489251,0,-0.971489251,-0.237082914,0,0,0,0.999999881],"scale":1,"type":"vine_ground_medium"}
{"pos":[9.06234741,832.079346,-18.9759178],"rotationMatrix":[-0.328259677,-0.944587529,0,0.944587529,-0.328259677,0,0,0,0.999999881],"scale":1,"type":"vine_ground_medium"}
{"pos":[9.78030968,834.886169,-18.9769535],"rotationMatrix":[0.623678327,0.781681061,0,-0.781681061,0.623678327,0,0,0,0.999999881],"scale":1,"type":"vine_ground_medium"}
{"pos":[11.2494888,848.862793,-18.9790707],"rotationMatrix":[-0.185260624,-0.982689321,0,0.982689321,-0.185260624,0,0,0,0.999999881],"scale":1,"type":"vine_ground_medium"}
{"pos":[9.35321808,885.921021,-18.9763374],"rotationMatrix":[-0.40073812,-0.916192591,0,0.916192591,-0.40073812,0,0,0,0.999999881],"scale":1,"type":"vine_ground_medium"}
{"pos":[-2.8736043,902.066406,-18.9792519],"rotationMatrix":[-0.330988705,-0.943634629,0,0.943634629,-0.330988705,0,0,0,0.999999881],"scale":1,"type":"vine_ground_medium"}
{"pos":[-2.30323792,904.214417,-18.9800739],"rotationMatrix":[-0.994949877,-0.100372426,0,0.100372426,-0.994949877,0,0,0,0.999999881],"scale":1,"type":"vine_ground_medium"}
{"pos":[-1.22674215,812.006348,-18.9816246],"rotationMatrix":[0.583825588,0.811879098,0,-0.811879098,0.583825588,0,0,0,0.999999881],"scale":1,"type":"vine_ground_medium"}
{"pos":[-1.32580471,809.743713,-18.9814835],"rotationMatrix":[-0.954789221,-0.297283173,0,0.297283173,-0.954789221,0,0,0,0.999999881],"scale":1,"type":"vine_ground_medium"}
