{"pos":[677.919434,179.356339,4.73513794],"rotationMatrix":[0.149458677,0.988767743,0,-0.988767743,0.149458677,0,0,0,0.999999642],"scale":1.48241258,"type":"vine_side_4m"}
{"pos":[678.819702,184.328766,4.73513794],"rotationMatrix":[0.149458677,0.988767743,0,-0.988767743,0.149458677,0,0,0,0.999999642],"scale":1.48241258,"type":"vine_side_4m"}
{"pos":[676.651184,171.772842,4.73513794],"rotationMatrix":[0.149458677,0.988767743,0,-0.988767743,0.149458677,0,0,0,0.999999642],"scale":1.48241258,"type":"vine_side_4m"}
{"pos":[704.261597,166.814972,6.94398451],"rotationMatrix":[0.148914427,0.985167146,0.085263066,-0.988767684,0.149458662,0,-0.0127433082,-0.0843053907,0.996358097],"scale":2.08220124,"type":"vine_side_4m"}
{"pos":[714.475159,323.804382,-2.69688702],"rotationMatrix":[0.444315791,0.878211439,-0.176994264,-0.852399588,0.475218683,0.21813032,0.275675744,0.0539510846,0.95973444],"scale":1.27132702,"type":"vine_side_4m"}
