{"class":"PointLight","persistentId":"77270d01-31e5-470d-92ea-374a9f8e9463","__parent":"lights","position":[-162.871063,603.667908,-23.6936741],"animate":false,"castShadows":true,"radius":10,"rotationMatrix":[1,0,0,0,0.999999762,-0.000690533896,0,0.000690533896,0.999999762],"shadowDarkenColor":[0,0,0,0],"shadowDistance":500,"shadowSoftness":0.699999988,"texSize":1024}
{"class":"PointLight","persistentId":"9f11cb73-3049-4679-9b3a-83ff71a700f0","__parent":"lights","position":[-169.221664,600.934753,-23.6936741],"animate":false,"castShadows":true,"radius":10,"rotationMatrix":[1,0,0,0,0.999999762,-0.000690533896,0,0.000690533896,0.999999762],"shadowDistance":500,"shadowSoftness":0.699999988,"texSize":1024}
{"class":"PointLight","persistentId":"ddcfe39d-ddd1-4116-9cf3-42c2a4d32acf","__parent":"lights","position":[-156.077179,602.415405,-23.6936741],"animate":false,"castShadows":true,"radius":10,"rotationMatrix":[1,0,0,0,0.999999762,-0.000690533896,0,0.000690533896,0.999999762],"shadowDarkenColor":[0,0,0,0],"shadowDistance":500,"shadowSoftness":0.699999988,"texSize":1024}
