{"class":"SFXEmitter","persistentId":"18bbdd0c-cad5-4931-baed-34b537cd7999","__parent":"LightsWhoo","position":[17.4021282,713.988464,-15.7057695],"fadeInTime":0,"fadeOutTime":0,"isLooping":false,"maxDistance":21,"referenceDistance":4,"rotationMatrix":[1,0,0,0,0.999999762,-0.000690533896,0,0.000690533896,0.999999762],"scale":[21,21,21]}
{"class":"SFXEmitter","persistentId":"1ac274c7-4b01-4cb7-82a7-2cffea79e2ef","__parent":"LightsWhoo","position":[8.78124714,588.637573,-4.08716917],"fadeInTime":0,"fadeOutTime":0,"isLooping":false,"maxDistance":21,"referenceDistance":4,"rotationMatrix":[1,0,0,0,0.999999762,-0.000690533896,0,0.000690533896,0.999999762],"scale":[21,21,21]}
{"class":"SFXEmitter","persistentId":"5a9e6720-fdee-40c2-aff3-cfdf3bfb25bd","__parent":"LightsWhoo","position":[260.34259,-92.6444931,-3.02290845],"fadeInTime":0,"fadeOutTime":0,"isLooping":false,"maxDistance":21,"referenceDistance":4,"rotationMatrix":[1,0,0,0,0.999999762,-0.000690533896,0,0.000690533896,0.999999762],"scale":[21,21,21]}
{"class":"SFXEmitter","persistentId":"5f8f103a-d0ae-4e0e-a550-abd00ca1e91e","__parent":"LightsWhoo","position":[8.78124714,541.722046,-3.64575219],"fadeInTime":0,"fadeOutTime":0,"isLooping":false,"maxDistance":21,"referenceDistance":4,"rotationMatrix":[1,0,0,0,0.999999762,-0.000690533896,0,0.000690533896,0.999999762],"scale":[21,21,21]}
{"class":"SFXEmitter","persistentId":"6dc1141c-e85b-4b86-85cb-20e5601f39ad","__parent":"LightsWhoo","position":[190.550537,27.3767815,-5.66853476],"fadeInTime":0,"fadeOutTime":0,"isLooping":false,"maxDistance":21,"referenceDistance":4,"rotationMatrix":[1,0,0,0,0.999999762,-0.000690533896,0,0.000690533896,0.999999762],"scale":[21,21,21]}
{"class":"SFXEmitter","persistentId":"771574b8-121a-48ef-a3fa-b93c7632ca5c","__parent":"LightsWhoo","position":[40.091507,314.123657,-7.95282841],"fadeInTime":0,"fadeOutTime":0,"isLooping":false,"maxDistance":21,"referenceDistance":4,"rotationMatrix":[0.999996662,0,-0.00258414098,-1.78443702e-06,0.999999762,-0.000690531684,0.00258414051,0.000690534012,0.999996424],"scale":[21,21,21]}
{"class":"SFXEmitter","persistentId":"791d3ed7-e9da-43ed-8bac-a1ccd1c3d116","__parent":"LightsWhoo","position":[-3.18886566,732.911865,-15.7057695],"fadeInTime":0,"fadeOutTime":0,"isLooping":false,"maxDistance":21,"referenceDistance":4,"rotationMatrix":[1,0,0,0,0.999999762,-0.000690533896,0,0.000690533896,0.999999762],"scale":[21,21,21]}
{"class":"SFXEmitter","persistentId":"7b3932f1-334b-4217-b0c9-34f82b7e8859","__parent":"LightsWhoo","position":[10.33568,449.657501,-4.79525089],"fadeInTime":0,"fadeOutTime":0,"isLooping":false,"maxDistance":21,"referenceDistance":4,"rotationMatrix":[1,0,0,0,0.999999762,-0.000690533896,0,0.000690533896,0.999999762],"scale":[21,21,21]}
{"class":"SFXEmitter","persistentId":"89251278-d0ff-4cf5-94cd-d489d4e060bb","__parent":"LightsWhoo","position":[213.570587,-12.4164219,-4.45623636],"fadeInTime":0,"fadeOutTime":0,"isLooping":false,"maxDistance":21,"referenceDistance":4,"rotationMatrix":[1,0,0,0,0.999999762,-0.000690533896,0,0.000690533896,0.999999762],"scale":[21,21,21]}
{"class":"SFXEmitter","persistentId":"894c87cb-1362-42c6-95a9-0f61ff5d4669","__parent":"LightsWhoo","position":[8.82973003,635.234741,-8.87075615],"fadeInTime":0,"fadeOutTime":0,"isLooping":false,"maxDistance":21,"referenceDistance":4,"rotationMatrix":[1,0,0,0,0.999999762,-0.000690533896,0,0.000690533896,0.999999762],"scale":[21,21,21]}
{"class":"SFXEmitter","persistentId":"8ddec3ee-9c1f-4d8f-822a-fc9210216041","__parent":"LightsWhoo","position":[120.217133,147.684525,-6.77395105],"fadeInTime":0,"fadeOutTime":0,"isLooping":false,"maxDistance":21,"referenceDistance":4,"rotationMatrix":[1,0,0,0,0.999999762,-0.000690533896,0,0.000690533896,0.999999762],"scale":[21,21,21]}
{"class":"SFXEmitter","persistentId":"98922ca4-da88-431e-a792-db5be3391b61","__parent":"LightsWhoo","position":[75.7079086,228.319489,-7.95282841],"fadeInTime":0,"fadeOutTime":0,"isLooping":false,"maxDistance":21,"referenceDistance":4,"rotationMatrix":[1,0,0,0,0.999999762,-0.000690533896,0,0.000690533896,0.999999762],"scale":[21,21,21]}
{"class":"SFXEmitter","persistentId":"9d82c598-83d8-4236-9ca0-d70a69c27477","__parent":"LightsWhoo","position":[166.893509,67.7804108,-5.17485857],"fadeInTime":0,"fadeOutTime":0,"isLooping":false,"maxDistance":21,"referenceDistance":4,"rotationMatrix":[1,0,0,0,0.999999762,-0.000690533896,0,0.000690533896,0.999999762],"scale":[21,21,21]}
{"class":"SFXEmitter","persistentId":"a47b9068-cdfd-4876-a08f-54494600baa6","__parent":"LightsWhoo","position":[16.0241203,403.352539,-5.61717796],"fadeInTime":0,"fadeOutTime":0,"isLooping":false,"maxDistance":21,"referenceDistance":4,"rotationMatrix":[1,0,0,0,0.999999762,-0.000690533896,0,0.000690533896,0.999999762],"scale":[21,21,21]}
{"class":"SFXEmitter","persistentId":"b8cfd953-007d-4821-b55c-2f208daeafa8","__parent":"LightsWhoo","position":[97.1970825,187.87854,-7.98624945],"fadeInTime":0,"fadeOutTime":0,"isLooping":false,"maxDistance":21,"referenceDistance":4,"rotationMatrix":[1,0,0,0,0.999999762,-0.000690533896,0,0.000690533896,0.999999762],"scale":[21,21,21]}
{"class":"SFXEmitter","persistentId":"d36bc56d-4046-4a54-ae49-4945ced21044","__parent":"LightsWhoo","position":[-9.69401741,719.190674,-15.7057695],"fadeInTime":0,"fadeOutTime":0,"isLooping":false,"maxDistance":21,"referenceDistance":4,"rotationMatrix":[1,0,0,0,0.999999762,-0.000690533896,0,0.000690533896,0.999999762],"scale":[21,21,21]}
{"class":"SFXEmitter","persistentId":"d84423ca-741d-4ce9-b232-1b5b1635e127","__parent":"LightsWhoo","position":[284.185211,-133.318542,-3.05555153],"fadeInTime":0,"fadeOutTime":0,"isLooping":false,"maxDistance":21,"referenceDistance":4,"rotationMatrix":[1,0,0,0,0.999999762,-0.000690533896,0,0.000690533896,0.999999762],"scale":[21,21,21]}
{"class":"SFXEmitter","persistentId":"ed1e621a-8913-4e86-8f2b-18cea478defa","__parent":"LightsWhoo","position":[26.8977699,357.8284,-6.54962301],"fadeInTime":0,"fadeOutTime":0,"isLooping":false,"maxDistance":21,"referenceDistance":4,"rotationMatrix":[1,0,0,0,0.999999762,-0.000690533896,0,0.000690533896,0.999999762],"scale":[21,21,21]}
{"class":"SFXEmitter","persistentId":"f08b8683-2e2b-4115-919a-f8193fbafe70","__parent":"LightsWhoo","position":[143.873459,107.573608,-6.38715696],"fadeInTime":0,"fadeOutTime":0,"isLooping":false,"maxDistance":21,"referenceDistance":4,"rotationMatrix":[1,0,0,0,0.999999762,-0.000690533896,0,0.000690533896,0.999999762],"scale":[21,21,21]}
{"class":"SFXEmitter","persistentId":"f63a9758-f713-419a-875e-3dba13a1627b","__parent":"LightsWhoo","position":[237.322571,-52.8512802,-4.2352066],"fadeInTime":0,"fadeOutTime":0,"isLooping":false,"maxDistance":21,"referenceDistance":4,"rotationMatrix":[1,0,0,0,0.999999762,-0.000690533896,0,0.000690533896,0.999999762],"scale":[21,21,21]}
{"class":"SFXEmitter","persistentId":"fb03fbcd-1a0c-480b-8483-94c055a7c4c6","__parent":"LightsWhoo","position":[56.5833855,270.776062,-7.95282841],"fadeInTime":0,"fadeOutTime":0,"isLooping":false,"maxDistance":21,"referenceDistance":4,"rotationMatrix":[1,0,0,0,0.999999762,-0.000690533896,0,0.000690533896,0.999999762],"scale":[21,21,21]}
