{"class":"SFXEmitter","persistentId":"23a72453-b75b-4788-a04c-65599b71aaeb","__parent":"Bridgewhoo","position":[-240.645416,352.638916,-13.3137197],"fadeInTime":0,"fadeOutTime":0,"isLooping":false,"maxDistance":21,"referenceDistance":4,"rotationMatrix":[1,0,0,0,0.999999762,-0.000690533896,0,0.000690533896,0.999999762],"scale":[21,21,21]}
{"class":"SFXEmitter","persistentId":"2d4c9ea5-daa7-4a68-8d61-57b95cee49ed","__parent":"Bridgewhoo","position":[-153.37851,237.279419,-13.3137197],"fadeInTime":0,"fadeOutTime":0,"is3D":false,"isLooping":false,"maxDistance":0.00999999978,"referenceDistance":0,"rotationMatrix":[1,0,0,0,0.999999762,-0.000690533896,0,0.000690533896,0.999999762],"scale":[0.00999999978,0.00999999978,0.00999999978]}
{"class":"SFXEmitter","persistentId":"34caa9d6-1d82-4f97-9a65-65c7cf115aa0","__parent":"Bridgewhoo","position":[13.0863571,517.905884,-18.1938457],"fadeInTime":0,"fadeOutTime":0,"isLooping":false,"maxDistance":21,"referenceDistance":4,"rotationMatrix":[1,0,0,0,0.999999762,-0.000690533896,0,0.000690533896,0.999999762],"scale":[21,21,21]}
